course_code,course_title,acp_main,cs_main,cs_us,cs_nw,cs_wcc,hum_main,hum_la,hum_hp,nat_main,nat_ls,nat_ps,qr_main,qr_qr1,qr_qr2,sbs_main,sbs_bsc,sbs_ss
AAS 300,"Theories of Race, Gender, and Sexuality",1,0,0,0,0,0,0,0,0,0,0,0,0,0,0,0,0
AAS 310,Race and Cultural Diversity,1,1,1,0,0,0,0,0,0,0,0,0,0,0,0,0,0
AAS 370,"Immigration, Law, and Rights",1,0,0,0,0,0,0,0,0,0,0,0,0,0,0,0,0
AAS 402,Asian American Education,1,1,1,0,0,0,0,0,0,0,0,0,0,0,0,0,0
ABE 469,Capstone Design Experience,1,0,0,0,0,0,0,0,0,0,0,0,0,0,0,0,0
AE 443,Aerospace Systems Design II,1,0,0,0,0,0,0,0,0,0,0,0,0,0,0,0,0
AFRO 310,Race and Cultural Diversity,1,1,1,0,0,0,0,0,0,0,0,0,0,0,0,0,0
AFRO 340,Dancing Black Popular Culture,1,1,1,0,0,1,0,1,0,0,0,0,0,0,0,0,0
AFRO 460,Slavery in the United States,1,0,0,0,0,0,0,0,0,0,0,0,0,0,0,0,0
AFRO 474,"The Black Liberation Movement, 1955-Present",1,0,0,0,0,0,0,0,0,0,0,0,0,0,0,0,0
AGCM 220,Communicating Agriculture,1,0,0,0,0,0,0,0,0,0,0,0,0,0,0,0,0
ANSC 205,World Animal Resources,1,0,0,0,0,0,0,0,0,0,0,0,0,0,0,0,0
ANTH 268,Images of the Other,1,1,0,0,1,1,0,1,0,0,0,0,0,0,0,0,0
ANTH 270,Language in Culture,1,0,0,0,0,0,0,0,0,0,0,0,0,0,1,0,1
ANTH 414,Writing Ethnography,1,0,0,0,0,0,0,0,0,0,0,0,0,0,0,0,0
ARCH 314,History of World Landscapes,1,1,0,0,1,1,0,1,0,0,0,0,0,0,0,0,0
ASTR 401,Scientific Writing for Astronomy,1,0,0,0,0,0,0,0,0,0,0,0,0,0,0,0,0
ASTR 490,Senior Thesis,1,0,0,0,0,0,0,0,0,0,0,0,0,0,0,0,0
ATMS 315,Meteorological Instrumentation,1,0,0,0,0,0,0,0,0,0,0,0,0,0,0,0,0
BADM 340,Ethical Dilemmas of Business,1,0,0,0,0,0,0,0,0,0,0,0,0,0,0,0,0
BIOC 460,Biochemistry Senior Seminar,1,0,0,0,0,0,0,0,0,0,0,0,0,0,0,0,0
BIOE 400,Bioengineering Senior Design,1,0,0,0,0,0,0,0,0,0,0,0,0,0,0,0,0
BTW 250,Principles Bus Comm,1,0,0,0,0,0,0,0,0,0,0,0,0,0,0,0,0
BTW 261,Principles Tech Comm,1,0,0,0,0,0,0,0,0,0,0,0,0,0,0,0,0
BTW 263,Writing in the Disciplines,1,0,0,0,0,0,0,0,0,0,0,0,0,0,0,0,0
BTW 360,Writing for Digital Media,1,0,0,0,0,0,0,0,0,0,0,0,0,0,0,0,0
BTW 380,Global Business Communication,1,0,0,0,0,0,0,0,0,0,0,0,0,0,0,0,0
CEE 300,Behavior of Materials,1,0,0,0,0,0,0,0,0,0,0,0,0,0,0,0,0
CEE 340,Energy and Global Environment,1,0,0,0,0,0,0,0,0,0,0,0,0,0,0,0,0
CHBE 431,Process Design,1,0,0,0,0,0,0,0,0,0,0,0,0,0,0,0,0
CHEM 317,Inorganic Chemistry Lab,1,0,0,0,0,0,0,0,0,0,0,0,0,0,0,0,0
CHEM 437,Organic Chemistry Lab,1,0,0,0,0,0,0,0,0,0,0,0,0,0,0,0,0
CHP 396,Interdisciplinary Seminar ACP,1,0,0,0,0,0,0,0,0,0,0,0,0,0,0,0,0
CLCV 222,Introduction to Greek and Roman Theater,1,1,0,0,1,1,1,0,0,0,0,0,0,0,0,0,0
CLCV 323,The Comic Imagination,1,1,0,0,1,1,1,0,0,0,0,0,0,0,0,0,0
CMN 220,Communicating Public Policy,1,0,0,0,0,0,0,0,0,0,0,0,0,0,0,0,0
CS 211,Ethical and Professional Conduct,1,0,0,0,0,0,0,0,0,0,0,0,0,0,0,0,0
CS 429,"Software Engineering II, ACP",1,0,0,0,0,0,0,0,0,0,0,0,0,0,0,0,0
CS 493,"Senior Project II, ACP",1,0,0,0,0,0,0,0,0,0,0,0,0,0,0,0,0
CS 499,Senior Thesis,1,0,0,0,0,0,0,0,0,0,0,0,0,0,0,0,0
CW 243,"The Craft Essay: Creative Reading, Reflection, and Revision",1,0,0,0,0,0,0,0,0,0,0,0,0,0,0,0,0
CWL 227,Golden Age of Russian Literature,1,0,0,0,0,1,1,0,0,0,0,0,0,0,0,0,0
CWL 241,Early Masterpieces of Western Culture,1,1,0,0,1,1,1,0,0,0,0,0,0,0,0,0,0
CWL 242,Modern Masterpieces of Western Culture,1,1,0,0,1,1,1,0,0,0,0,0,0,0,0,0,0
CWL 264,Introduction to Greek and Roman Theater,1,1,0,0,1,1,1,0,0,0,0,0,0,0,0,0,0
CWL 322,The Comic Imagination,1,1,0,0,1,1,1,0,0,0,0,0,0,0,0,0,0
DANC 340,Dancing Black Popular Culture,1,1,1,0,0,1,0,1,0,0,0,0,0,0,0,0,0
DANC 441,Dance History Seminar,1,0,0,0,0,0,0,0,0,0,0,0,0,0,0,0,0
EALC 327,Tokyo: Then and Now,1,1,0,1,0,0,0,0,0,0,0,0,0,0,0,0,0
EALC 361,Gender and Women in East Asia,1,0,0,0,0,0,0,0,0,0,0,0,0,0,0,0,0
ECE 316,Ethics and Engineering,1,0,0,0,0,1,0,1,0,0,0,0,0,0,0,0,0
ECE 445,Senior Design Project Lab,1,0,0,0,0,0,0,0,0,0,0,0,0,0,0,0,0
ECE 496,Senior Research Project,1,0,0,0,0,0,0,0,0,0,0,0,0,0,0,0,0
ECE 499,Senior Thesis,1,0,0,0,0,0,0,0,0,0,0,0,0,0,0,0,0
ECON 442,Women in the Economy,1,0,0,0,0,0,0,0,0,0,0,0,0,0,0,0,0
ECON 451,Program Evaluation in Developing Economies,1,0,0,0,0,0,0,0,0,0,0,0,0,0,0,0,0
EDUC 202,"Social Justice, School and Society",1,0,0,0,0,1,0,1,0,0,0,0,0,0,0,0,0
ENGL 109,Intro to Fiction-ACP,1,0,0,0,0,1,1,0,0,0,0,0,0,0,0,0,0
ENGL 350,"Writing about Literature, Text, and Culture",1,0,0,0,0,0,0,0,0,0,0,0,0,0,0,0,0
ENGL 360,Environmental Writing,1,0,0,0,0,0,0,0,0,0,0,0,0,0,0,0,0
ENGL 477,Advanced Environmental Writing,1,0,0,0,0,0,0,0,0,0,0,0,0,0,0,0,0
ENVS 220,Communicating Agriculture,1,0,0,0,0,0,0,0,0,0,0,0,0,0,0,0,0
EPOL 202,Foundations of Education-ACP,1,0,0,0,0,0,0,0,0,0,0,0,0,0,0,0,0
EPOL 310,Race and Cultural Diversity,1,1,1,0,0,0,0,0,0,0,0,0,0,0,0,0,0
EPOL 402,Asian American Education,1,1,1,0,0,0,0,0,0,0,0,0,0,0,0,0,0
ESE 360,Environmental Writing,1,0,0,0,0,0,0,0,0,0,0,0,0,0,0,0,0
ESE 465,Transportation &Sustainability,1,0,0,0,0,0,0,0,0,0,0,0,0,0,0,0,0
ESE 477,Advanced Environmental Writing,1,0,0,0,0,0,0,0,0,0,0,0,0,0,0,0,0
ETMA 311,Humanity in the Food Web,1,0,0,0,0,1,0,1,0,0,0,0,0,0,0,0,0
GEOL 201,History of Geology,1,0,0,0,0,1,0,1,0,0,0,0,0,0,0,0,0
GGIS 465,Transportation &Sustainability,1,0,0,0,0,0,0,0,0,0,0,0,0,0,0,0,0
GLBL 280,Nuclear Weapons & Arms Control,1,0,0,0,0,0,0,0,0,0,0,0,0,0,0,0,0
GLBL 357,Ethnic Conflict,1,0,0,0,0,0,0,0,0,0,0,0,0,0,0,0,0
GLBL 392,Int Diplomacy and Negotiation,1,0,0,0,0,0,0,0,0,0,0,0,0,0,0,0,0
GLBL 481,Writing on Technol & Security,1,0,0,0,0,0,0,0,0,0,0,0,0,0,0,0,0
GWS 305,"Theories of Race, Gender, and Sexuality",1,0,0,0,0,0,0,0,0,0,0,0,0,0,0,0,0
GWS 361,Gender and Women in East Asia,1,0,0,0,0,0,0,0,0,0,0,0,0,0,0,0,0
GWS 392,Chicanas&Latinas: Self&Society,1,0,0,0,0,0,0,0,0,0,0,0,0,0,0,0,0
GWS 498,Senior Seminar,1,0,0,0,0,0,0,0,0,0,0,0,0,0,0,0,0
HDFS 290,Intro to Research Methods,1,0,0,0,0,0,0,0,0,0,0,0,0,0,0,0,0
HIST 140,Western Worlds: Ancient and Medieval Societies from the Mediterranean to N. Europe (ACP),1,1,0,0,1,1,0,1,0,0,0,0,0,0,0,0,0
HIST 143,Modern Europe and the World - ACP,1,1,0,0,1,1,0,1,0,0,0,0,0,0,0,0,0
HIST 168,A History of Judaism,1,0,0,0,0,1,0,1,0,0,0,0,0,0,0,0,0
HIST 170,US History to 1877-ACP,1,1,1,0,0,1,0,1,0,0,0,0,0,0,0,0,0
HIST 173,US History Since 1877-ACP,1,1,1,0,0,1,0,1,0,0,0,0,0,0,0,0,0
HIST 327,Tokyo: Then and Now,1,1,0,1,0,0,0,0,0,0,0,0,0,0,0,0,0
HIST 478,"The Black Liberation Movement, 1955-Present",1,0,0,0,0,0,0,0,0,0,0,0,0,0,0,0,0
HIST 482,Slavery in the United States,1,0,0,0,0,0,0,0,0,0,0,0,0,0,0,0,0
HIST 498,Research and Writing Seminar,1,0,0,0,0,0,0,0,0,0,0,0,0,0,0,0,0
HK 300,Health Behavior Theories and Applications,1,0,0,0,0,0,0,0,0,0,0,0,0,0,1,1,0
HK 340,Social & Psychological Aspects of Physical Activity,1,0,0,0,0,0,0,0,0,0,0,0,0,0,0,0,0
HORT 223,The Intelligent Behavior of Plants,1,0,0,0,0,0,0,0,1,1,0,0,0,0,0,0,0
IB 203,Ecology,1,0,0,0,0,0,0,0,0,0,0,0,0,0,0,0,0
IB 271,Organismal Biology,1,0,0,0,0,0,0,0,0,0,0,0,0,0,0,0,0
INFO 303,Writing Across Media,1,0,0,0,0,0,0,0,0,0,0,0,0,0,0,0,0
IS 312,Reading and Writing Data,1,0,0,0,0,1,1,0,0,0,0,0,0,0,0,0,0
JOUR 200,Introduction to Journalism,1,0,0,0,0,0,0,0,0,0,0,0,0,0,0,0,0
JS 120,A History of Judaism,1,0,0,0,0,1,0,1,0,0,0,0,0,0,0,0,0
LA 314,History of World Landscapes,1,1,0,0,1,1,0,1,0,0,0,0,0,0,0,0,0
LING 301,Elements of Syntax,1,0,0,0,0,0,0,0,0,0,0,0,0,0,0,0,0
LING 413,Corpus Linguistics,1,0,0,0,0,0,0,0,0,0,0,0,0,0,0,0,0
LLS 305,"Theories of Race, Gender, and Sexuality",1,0,0,0,0,0,0,0,0,0,0,0,0,0,0,0,0
LLS 310,Race and Cultural Diversity,1,1,1,0,0,0,0,0,0,0,0,0,0,0,0,0,0
LLS 372,"Immigration, Law, and Rights",1,0,0,0,0,0,0,0,0,0,0,0,0,0,0,0,0
LLS 385,Theory and Methods in LLS,1,0,0,0,0,0,0,0,0,0,0,0,0,0,0,0,0
LLS 392,Chicanas&Latinas: Self&Society,1,0,0,0,0,0,0,0,0,0,0,0,0,0,0,0,0
MACS 101,Introduction to the Media,1,0,0,0,0,0,0,0,0,0,0,0,0,0,0,0,0
ME 470,Senior Design Project,1,0,0,0,0,0,0,0,0,0,0,0,0,0,0,0,0
MSE 307,Materials Laboratory I,1,0,0,0,0,0,0,0,0,0,0,0,0,0,0,0,0
MSE 308,Materials Laboratory II,1,0,0,0,0,0,0,0,0,0,0,0,0,0,0,0,0
MUS 244,Social Foundations of Music Ed,1,0,0,0,0,0,0,0,0,0,0,0,0,0,0,0,0
NPRE 481,Writing on Technol & Security,1,0,0,0,0,0,0,0,0,0,0,0,0,0,0,0,0
NRES 220,Communicating Agriculture,1,0,0,0,0,0,0,0,0,0,0,0,0,0,0,0,0
NRES 419,Env and Plant Ecosystems,1,0,0,0,0,0,0,0,0,0,0,0,0,0,0,0,0
PHIL 100,Intro to Philosophy-ACP,1,0,0,0,0,1,0,1,0,0,0,0,0,0,0,0,0
PHIL 104,Intro to Ethics-ACP,1,0,0,0,0,1,0,1,0,0,0,0,0,0,0,0,0
PHIL 316,Ethics and Engineering,1,0,0,0,0,1,0,1,0,0,0,0,0,0,0,0,0
PHIL 419,"Space, Time, and Matter-ACP",1,0,0,0,0,0,0,0,0,0,0,0,0,0,0,0,0
PHYS 280,Nuclear Weapons & Arms Control,1,0,0,0,0,0,0,0,0,0,0,0,0,0,0,0,0
PHYS 419,"Space, Time, and Matter-ACP",1,0,0,0,0,0,0,0,0,0,0,0,0,0,0,0,0
PHYS 496,Communicating in Physicsâ€”Writing Papers and Giving Talks,1,0,0,0,0,0,0,0,0,0,0,0,0,0,0,0,0
PLPA 200,"Plants, Pathogens, and People",1,0,0,0,0,0,0,0,1,1,0,0,0,0,0,0,0
PS 281,Intro to Intl Relations-ACP,1,0,0,0,0,0,0,0,0,0,0,0,0,0,1,0,1
PS 282,Governing Globalization,1,0,0,0,0,0,0,0,0,0,0,0,0,0,1,0,1
PS 357,Ethnic Conflict,1,0,0,0,0,0,0,0,0,0,0,0,0,0,0,0,0
PSYC 498,Senior Honors Seminar,1,0,0,0,0,0,0,0,0,0,0,0,0,0,0,0,0
REL 120,A History of Judaism,1,0,0,0,0,1,0,1,0,0,0,0,0,0,0,0,0
RHET 233,Adv Rhetoric & Composition,1,0,0,0,0,0,0,0,0,0,0,0,0,0,0,0,0
RST 410,"Strategic Management in Recreation, Sport and Tourism",1,0,0,0,0,0,0,0,0,0,0,0,0,0,0,0,0
RUSS 220,Golden Age of Russian Literature,1,0,0,0,0,1,1,0,0,0,0,0,0,0,0,0,0
SE 494,Senior Engineering Project I,1,0,0,0,0,0,0,0,0,0,0,0,0,0,0,0,0
SOC 392,Chicanas&Latinas: Self&Society,1,0,0,0,0,0,0,0,0,0,0,0,0,0,0,0,0
SOCW 300,Diversity: Identities & Issues,1,1,1,0,0,0,0,0,0,0,0,0,0,0,0,0,0
TAM 324,Behavior of Materials,1,0,0,0,0,0,0,0,0,0,0,0,0,0,0,0,0
THEA 209,Writing Performance & Culture,1,1,0,0,1,1,1,0,0,0,0,0,0,0,0,0,0
THEA 210,Introduction to Greek and Roman Theater,1,1,0,0,1,1,1,0,0,0,0,0,0,0,0,0,0
THEA 304,Global Theatre Performance,1,0,0,0,0,0,0,0,0,0,0,0,0,0,0,0,0
THEA 323,The Comic Imagination,1,1,0,0,1,1,1,0,0,0,0,0,0,0,0,0,0
UP 312,Communication for Planners,1,0,0,0,0,0,0,0,0,0,0,0,0,0,0,0,0
WRIT 303,Writing Across Media,1,0,0,0,0,0,0,0,0,0,0,0,0,0,0,0,0
AAS 100,Intro Asian American Studies,0,1,1,0,0,0,0,0,0,0,0,0,0,0,1,0,1
AAS 105,Introduction to Arab American Studies,0,1,1,0,0,0,0,0,0,0,0,0,0,0,0,0,0
AAS 120,Intro to Asian Am Pop Culture,0,1,1,0,0,0,0,0,0,0,0,0,0,0,0,0,0
AAS 200,U.S. Race and Empire,0,1,1,0,0,1,0,1,0,0,0,0,0,0,0,0,0
AAS 201,US Racial & Ethnic Politics,0,1,1,0,0,0,0,0,0,0,0,0,0,0,1,0,1
AAS 203,"Race, Science, and Technology",0,1,1,0,0,0,0,0,0,0,0,0,0,0,1,0,1
AAS 211,Asian Americans and the Arts,0,1,1,0,0,1,1,0,0,0,0,0,0,0,0,0,0
AAS 215,US Citizenship Comparatively,0,1,1,0,0,1,0,1,0,0,0,0,0,0,0,0,0
AAS 246,Asian American Youth in Film,0,1,1,0,0,0,0,0,0,0,0,0,0,0,1,0,1
AAS 258,Muslims in America,0,1,1,0,0,0,0,0,0,0,0,0,0,0,1,0,1
AAS 260,Intro Asian American Theatre,0,1,1,0,0,0,0,0,0,0,0,0,0,0,0,0,0
AAS 275,The Politics of Fashion,0,1,1,0,0,0,0,0,0,0,0,0,0,0,0,0,0
AAS 281,Constructing Race in America,0,1,1,0,0,1,0,1,0,0,0,0,0,0,0,0,0
AAS 282,Feminist and Queer Activisms,0,1,1,0,0,0,0,0,0,0,0,0,0,0,0,0,0
AAS 283,Asian American History,0,1,1,0,0,1,0,1,0,0,0,0,0,0,0,0,0
AAS 286,Asian American Literature,0,1,1,0,0,1,1,0,0,0,0,0,0,0,0,0,0
AAS 287,Food and Asian Americans,0,1,1,0,0,0,0,0,0,0,0,0,0,0,1,0,1
AAS 288,Global Islam and Feminisms,0,1,0,1,0,0,0,0,0,0,0,0,0,0,0,0,0
AAS 297,Asian Families in America,0,1,1,0,0,0,0,0,0,0,0,0,0,0,1,0,1
ABE 152,Water in the Global Environment,0,1,0,1,0,0,0,0,1,0,1,0,0,0,0,0,0
ABE 232,Context in International Interventions,0,1,0,1,0,0,0,0,0,0,0,0,0,0,1,0,1
ACE 251,The World Food Economy,0,1,0,1,0,0,0,0,0,0,0,0,0,0,1,0,1
ACE 254,Economic Systems in Africa,0,1,0,1,0,0,0,0,0,0,0,0,0,0,1,0,1
ACE 255,Economics of Food and Environmental Justice,0,1,1,0,0,0,0,0,0,0,0,0,0,0,1,0,1
ACES 179,History of Ag in IL Since 1860,0,1,1,0,0,1,0,1,0,0,0,0,0,0,0,0,0
ADV 175,Introduction to Multicultural Advertising,0,1,1,0,0,0,0,0,0,0,0,0,0,0,0,0,0
ADV 376,Global Advertising,0,1,0,0,1,0,0,0,0,0,0,0,0,0,1,0,1
AFRO 100,Intro to African American St,0,1,1,0,0,0,0,0,0,0,0,0,0,0,1,0,1
AFRO 101,"Black America, 1619-Present",0,1,1,0,0,1,0,1,0,0,0,0,0,0,0,0,0
AFRO 103,Black Women in the Diaspora,0,1,1,0,0,0,0,0,0,0,0,0,0,0,0,0,0
AFRO 105,Black Literature in America,0,1,1,0,0,1,1,0,0,0,0,0,0,0,0,0,0
AFRO 106,Hist Arch Americas,0,1,1,0,0,1,0,1,0,0,0,0,0,0,0,0,0
AFRO 122,Russia and Black America,0,1,1,0,0,0,0,0,0,0,0,0,0,0,0,0,0
AFRO 132,African American Music,0,1,1,0,0,1,1,0,0,0,0,0,0,0,0,0,0
AFRO 134,"Religion, Race, and Resistance",0,1,1,0,0,0,0,0,0,0,0,0,0,0,0,0,0
AFRO 201,US Racial & Ethnic Politics,0,1,1,0,0,0,0,0,0,0,0,0,0,0,1,0,1
AFRO 211,Intro to African-American Film,0,1,1,0,0,0,0,0,0,0,0,0,0,0,0,0,0
AFRO 212,Introduction to African American Theatre,0,1,1,0,0,0,0,0,0,0,0,0,0,0,0,0,0
AFRO 215,US Citizenship Comparatively,0,1,1,0,0,1,0,1,0,0,0,0,0,0,0,0,0
AFRO 221,History of the Prison,0,1,0,0,1,1,0,1,0,0,0,0,0,0,0,0,0
AFRO 224,Humanist Persp of Afro-Am Exp,0,1,1,0,0,1,1,0,0,0,0,0,0,0,0,0,0
AFRO 228,Hip Hop Music: History and Culture,0,1,1,0,0,1,1,0,0,0,0,0,0,0,0,0,0
AFRO 234,Black Religious Imaginations,0,1,1,0,0,0,0,0,0,0,0,0,0,0,0,0,0
AFRO 243,Pan Africanism,0,1,0,1,0,0,0,0,0,0,0,0,0,0,0,0,0
AFRO 250,Introduction to Health and Wellness in the Black Community,0,1,1,0,0,0,0,0,0,0,0,0,0,0,1,0,1
AFRO 259,Early African American Literature and Culture,0,1,1,0,0,0,0,0,0,0,0,0,0,0,0,0,0
AFRO 260,Modern African American Literature and Culture,0,1,1,0,0,0,0,0,0,0,0,0,0,0,0,0,0
AFRO 261,Intro to the African Diaspora,0,1,1,0,0,1,0,1,0,0,0,0,0,0,0,0,0
AFRO 275,Afro-American History to 1877,0,1,1,0,0,1,0,1,0,0,0,0,0,0,0,0,0
AFRO 276,African American History Since 1877,0,1,1,0,0,1,0,1,0,0,0,0,0,0,0,0,0
AFRO 281,Constructing Race in America,0,1,1,0,0,1,0,1,0,0,0,0,0,0,0,0,0
AFRO 380,Black Women Hist & Cultures,0,1,0,1,0,0,0,0,0,0,0,0,0,0,0,0,0
AFRO 400,African Diasporic Thought in the Caribbean,0,1,0,1,0,0,0,0,0,0,0,0,0,0,0,0,0
AFST 103,Black Women in the Diaspora,0,1,1,0,0,0,0,0,0,0,0,0,0,0,0,0,0
AFST 111,History of Africa to 1800,0,1,0,1,0,1,0,1,0,0,0,0,0,0,0,0,0
AFST 112,History of Africa from 1800,0,1,0,1,0,1,0,1,0,0,0,0,0,0,0,0,0
AFST 209,Constr Afr and Carib Identity,0,1,0,1,0,1,1,0,0,0,0,0,0,0,0,0,0
AFST 210,Introduction to Modern African Literature,0,1,0,1,0,1,1,0,0,0,0,0,0,0,0,0,0
AFST 213,African Muslim Societies,0,1,0,1,0,1,0,1,0,0,0,0,0,0,0,0,0
AFST 222,Introduction to Modern Africa,0,1,0,1,0,0,0,0,0,0,0,0,0,0,0,0,0
AFST 233,Context in International Interventions,0,1,0,1,0,0,0,0,0,0,0,0,0,0,1,0,1
AFST 243,Pan Africanism,0,1,0,1,0,0,0,0,0,0,0,0,0,0,0,0,0
AFST 254,Economic Systems in Africa,0,1,0,1,0,0,0,0,0,0,0,0,0,0,1,0,1
AIS 101,Intro to American Indian Studies,0,1,1,0,0,1,0,1,0,0,0,0,0,0,0,0,0
AIS 214,American Indian Law & Politics,0,1,1,0,0,0,0,0,0,0,0,0,0,0,1,0,1
AIS 265,Intro to American Indian Lit,0,1,1,0,0,1,1,0,0,0,0,0,0,0,0,0,0
AIS 275,Am Indian and Indigenous Film,0,1,1,0,0,1,1,0,0,0,0,0,0,0,0,0,0
AIS 277,Encounters in Native America,0,1,1,0,0,1,0,1,0,0,0,0,0,0,0,0,0
AIS 278,Native American History,0,1,1,0,0,1,0,1,0,0,0,0,0,0,0,0,0
AIS 285,Indigenous Thinkers,0,1,0,1,0,1,0,1,0,0,0,0,0,0,0,0,0
AIS 288,American Indians of Illinois,0,1,1,0,0,1,0,1,0,0,0,0,0,0,0,0,0
AIS 295,US Citizenship Comparatively,0,1,1,0,0,1,0,1,0,0,0,0,0,0,0,0,0
ANSC 250,Companion Animals in Society,0,1,0,0,1,0,0,0,0,0,0,0,0,0,0,0,0
ANTH 101,Introduction to Anthropology,0,1,0,0,1,0,0,0,0,0,0,0,0,0,1,0,1
ANTH 103,Anthro in a Changing World,0,1,0,1,0,0,0,0,0,0,0,0,0,0,1,0,1
ANTH 106,Hist Arch Americas,0,1,1,0,0,1,0,1,0,0,0,0,0,0,0,0,0
ANTH 108,Religion & Society in West I,0,1,0,0,1,1,0,1,0,0,0,0,0,0,0,0,0
ANTH 109,Religion & Society in West II,0,1,0,0,1,1,0,1,0,0,0,0,0,0,0,0,0
ANTH 130,History of South Asia,0,1,0,1,0,1,0,1,0,0,0,0,0,0,0,0,0
ANTH 160,Race and Contemporary Social Issues,0,1,1,0,0,0,0,0,0,0,0,0,0,0,0,0,0
ANTH 180,The Archaeology of Death,0,1,0,0,1,0,0,0,0,0,0,0,0,0,1,0,1
ANTH 182,Latin American Cultures,0,1,0,1,0,0,0,0,0,0,0,0,0,0,1,0,1
ANTH 209,"Food, Culture, and Society",0,1,0,0,1,0,0,0,0,0,0,0,0,0,1,0,1
ANTH 210,Families in Global Perspective,0,1,0,1,0,0,0,0,0,0,0,0,0,0,1,0,1
ANTH 221,Archaeology of South Asia,0,1,0,1,0,0,0,0,0,0,0,0,0,0,1,0,1
ANTH 222,Introduction to Modern Africa,0,1,0,1,0,0,0,0,0,0,0,0,0,0,0,0,0
ANTH 248,Introduction to Engaged and Public Anthropology,0,1,0,1,0,0,0,0,0,0,0,0,0,0,1,0,1
ANTH 250,The World Through Museums,0,1,0,0,1,0,0,0,0,0,0,0,0,0,1,0,1
ANTH 259,Latina/o Anthropology,0,1,1,0,0,0,0,0,0,0,0,0,0,0,1,0,1
ANTH 261,Intro to the African Diaspora,0,1,1,0,0,1,0,1,0,0,0,0,0,0,0,0,0
ANTH 272,Language and Culture in Turkey,0,1,0,1,0,0,0,0,0,0,0,0,0,0,0,0,0
ANTH 278,Climate Change & Civilization,0,1,0,1,0,0,0,0,0,0,0,0,0,0,0,0,0
ANTH 279,"Economy, Business & Society",0,1,0,0,1,0,0,0,0,0,0,0,0,0,1,0,1
ANTH 280,Anthropology of Martial Arts,0,1,0,1,0,0,0,0,0,0,0,0,0,0,1,0,1
ANTH 285,Intro to Korea Through Film,0,1,0,1,0,0,0,0,0,0,0,0,0,0,0,0,0
ANTH 288,American Indians of Illinois,0,1,1,0,0,1,0,1,0,0,0,0,0,0,0,0,0
ARAB 150,Lang&Culture of Arab World,0,1,0,1,0,0,0,0,0,0,0,0,0,0,0,0,0
ARCH 222,Islamic Gardens & Architecture,0,1,0,1,0,1,0,1,0,0,0,0,0,0,0,0,0
ARTH 110,Introduction to the History of Art and Visual Culture,0,1,0,0,1,1,1,0,0,0,0,0,0,0,0,0,0
ARTH 212,East Asian Art History,0,1,0,1,0,1,1,0,0,0,0,0,0,0,0,0,0
ARTH 214,Art in China,0,1,0,1,0,0,0,0,0,0,0,0,0,0,0,0,0
ARTH 219,Islamic Gardens & Architecture,0,1,0,1,0,1,0,1,0,0,0,0,0,0,0,0,0
ARTH 220,African Arts and Architecture,0,1,0,1,0,1,1,0,0,0,0,0,0,0,0,0,0
ARTJ 209,Chado (The Way of Tea),0,1,0,1,0,0,0,0,0,0,0,0,0,0,0,0,0
ARTJ 301,Manga: The Art of Image and Word,0,1,0,1,0,1,1,0,0,0,0,0,0,0,0,0,0
ARTJ 302,Intro to Japanese Animation,0,1,0,1,0,1,0,1,0,0,0,0,0,0,0,0,0
ASST 104,Asian Mythology,0,1,0,1,0,1,0,1,0,0,0,0,0,0,0,0,0
ASST 208,Cultures & Literatures of South Asia,0,1,0,1,0,1,1,0,0,0,0,0,0,0,0,0,0
BCS 115,South Slavic Cultures,0,1,0,1,0,0,0,0,0,0,0,0,0,0,1,0,1
CLCV 114,Introduction to Ancient Greek Culture,0,1,0,0,1,1,1,0,0,0,0,0,0,0,0,0,0
CLCV 115,Mythology of Greece and Rome,0,1,0,0,1,1,1,0,0,0,0,0,0,0,0,0,0
CLCV 116,Introduction to Ancient Roman Culture,0,1,0,0,1,1,0,1,0,0,0,0,0,0,0,0,0
CLCV 120,The Classical Tradition,0,1,0,0,1,1,1,0,0,0,0,0,0,0,0,0,0
CLCV 131,"Classical Archaeology, Greece",0,1,0,0,1,1,0,1,0,0,0,0,0,0,0,0,0
CLCV 132,"Class Archaeology, Rome-Italy",0,1,0,0,1,1,0,1,0,0,0,0,0,0,0,0,0
CLCV 133,Archaeology of Israel,0,1,0,0,1,1,0,1,0,0,0,0,0,0,0,0,0
CLCV 160,Ancient Greek & Roman Religion,0,1,0,0,1,1,0,1,0,0,0,0,0,0,0,0,0
CLCV 220,Exploring the Greek and Roman World,0,1,0,0,1,1,1,0,0,0,0,0,0,0,0,0,0
CLCV 221,Odysseus and Other Heroes,0,1,0,0,1,1,1,0,0,0,0,0,0,0,0,0,0
CLCV 224,Greco-Roman Antiquity and US Minority Cultures,0,1,1,0,0,1,1,0,0,0,0,0,0,0,0,0,0
CLCV 230,Ancient Engineering,0,1,0,0,1,0,0,0,1,0,1,0,0,0,0,0,0
CLCV 231,Development of Ancient Cities,0,1,0,0,1,1,0,1,0,0,0,0,0,0,0,0,0
CLCV 240,Gender & Sexuality in Greco-Roman Antiquity,0,1,0,0,1,1,1,0,0,0,0,0,0,0,0,0,0
CLCV 250,Sports and Society in Greece and Rome,0,1,0,0,1,1,0,1,0,0,0,0,0,0,0,0,0
CMN 210,Public Communication in Everyday Life,0,1,0,0,1,1,0,1,0,0,0,0,0,0,0,0,0
CMN 214,Organizational Communication & Diversity,0,1,1,0,0,0,0,0,0,0,0,0,0,0,0,0,0
CMN 232,Intro to Intercultural Comm,0,1,0,1,0,0,0,0,0,0,0,0,0,0,1,0,1
CMN 250,Social Movement Communication,0,1,1,0,0,0,0,0,0,0,0,0,0,0,0,0,0
CMN 260,Intro to Health Communication,0,1,0,0,1,0,0,0,0,0,0,0,0,0,1,1,0
CMN 277,Introduction to Mediated Communication,0,1,1,0,0,0,0,0,0,0,0,0,0,0,1,0,1
CPSC 113,"Environment, Agriculture, and Society",0,1,0,0,1,0,0,0,1,1,0,0,0,0,0,0,0
CPSC 116,The Global Food Production Web,0,1,0,1,0,0,0,0,0,0,0,0,0,0,0,0,0
CPSC 131,Agriculture in Mythology,0,1,0,1,0,0,0,0,0,0,0,0,0,0,0,0,0
CS 266,Community Innovation,0,1,0,0,1,0,0,0,0,0,0,0,0,0,1,0,1
CWL 114,Global Consciousness and Lit,0,1,0,1,0,1,1,0,0,0,0,0,0,0,0,0,0
CWL 122,Russia and Black America,0,1,1,0,0,0,0,0,0,0,0,0,0,0,0,0,0
CWL 189,Literatures of the Islamic World,0,1,0,1,0,1,1,0,0,0,0,0,0,0,0,0,0
CWL 190,Modern Asian and African Literatures,0,1,0,1,0,1,1,0,0,0,0,0,0,0,0,0,0
CWL 202,Literature and Ideas,0,1,0,0,1,1,1,0,0,0,0,0,0,0,0,0,0
CWL 204,US Border Literatures and Cultures,0,1,1,0,0,0,0,0,0,0,0,0,0,0,0,0,0
CWL 207,Indian Cinema in Context,0,1,0,1,0,1,1,0,0,0,0,0,0,0,0,0,0
CWL 208,Cultures & Literatures of South Asia,0,1,0,1,0,1,1,0,0,0,0,0,0,0,0,0,0
CWL 209,Jewish American and US Minority Literatures in Dialogue,0,1,1,0,0,1,1,0,0,0,0,0,0,0,0,0,0
CWL 210,Introduction to Modern African Literature,0,1,0,1,0,1,1,0,0,0,0,0,0,0,0,0,0
CWL 211,The Arab-Israeli Conflict,0,1,0,0,1,1,1,0,0,0,0,0,0,0,0,0,0
CWL 212,Israeli Cinema and Television,0,1,0,0,1,1,1,0,0,0,0,0,0,0,0,0,0
CWL 216,Legends of King Arthur,0,1,0,0,1,1,1,0,0,0,0,0,0,0,0,0,0
CWL 217,Classical Chinese Lit,0,1,0,1,0,1,1,0,0,0,0,0,0,0,0,0,0
CWL 220,Exploring the Greek and Roman World,0,1,0,0,1,1,1,0,0,0,0,0,0,0,0,0,0
CWL 223,The Qur'an (Koran),0,1,0,1,0,1,1,0,0,0,0,0,0,0,0,0,0
CWL 225,Constr Afr and Carib Identity,0,1,0,1,0,1,1,0,0,0,0,0,0,0,0,0,0
CWL 226,Humanist Persp of Afro-Am Exp,0,1,1,0,0,1,1,0,0,0,0,0,0,0,0,0,0
CWL 230,Popular Cultures of Contemporary East Asia,0,1,0,1,0,1,1,0,0,0,0,0,0,0,0,0,0
CWL 251,Viking Mythology,0,1,0,0,1,1,0,1,0,0,0,0,0,0,0,0,0
CWL 252,Viking Sagas in Translation,0,1,0,0,1,1,1,0,0,0,0,0,0,0,0,0,0
CWL 253,Medieval Literature and Culture,0,1,0,0,1,1,1,0,0,0,0,0,0,0,0,0,0
CWL 254,Grimm's Fairy Tales in Context,0,1,0,0,1,1,1,0,0,0,0,0,0,0,0,0,0
CWL 255,Renaissance Literature and Culture,0,1,0,0,1,1,1,0,0,0,0,0,0,0,0,0,0
CWL 257,Enlightenment Literature and Culture,0,1,0,0,1,1,1,0,0,0,0,0,0,0,0,0,0
CWL 259,Early African American Literature and Culture,0,1,1,0,0,0,0,0,0,0,0,0,0,0,0,0,0
CWL 260,Modern African American Literature and Culture,0,1,1,0,0,0,0,0,0,0,0,0,0,0,0,0,0
CWL 262,Gender & Sexuality in Greco-Roman Antiquity,0,1,0,0,1,1,1,0,0,0,0,0,0,0,0,0,0
CWL 263,Odysseus and Other Heroes,0,1,0,0,1,1,1,0,0,0,0,0,0,0,0,0,0
CWL 273,The Holocaust in Context,0,1,0,0,1,1,1,0,0,0,0,0,0,0,0,0,0
CWL 275,Masterpieces of East Asian Lit,0,1,0,1,0,1,1,0,0,0,0,0,0,0,0,0,0
CWL 276,Asian Film Genres,0,1,0,1,0,1,1,0,0,0,0,0,0,0,0,0,0
CWL 311,Japan Lit in Translation I,0,1,0,1,0,1,1,0,0,0,0,0,0,0,0,0,0
CWL 312,Japan Lit in Translation II,0,1,0,1,0,1,1,0,0,0,0,0,0,0,0,0,0
CWL 320,Responses to the Holocaust,0,1,0,0,1,1,1,0,0,0,0,0,0,0,0,0,0
CWL 400,African Diasporic Thought in the Caribbean,0,1,0,1,0,0,0,0,0,0,0,0,0,0,0,0,0
DANC 100,Intro to Contemporary Dance,0,1,0,0,1,1,1,0,0,0,0,0,0,0,0,0,0
EALC 120,East Asian Civilizations,0,1,0,1,0,1,0,1,0,0,0,0,0,0,0,0,0
EALC 122,History East Asian Religions,0,1,0,1,0,1,0,1,0,0,0,0,0,0,0,0,0
EALC 130,The Chinese Language,0,1,0,1,0,0,0,0,0,0,0,0,0,0,1,0,1
EALC 132,Zen,0,1,0,1,0,1,0,1,0,0,0,0,0,0,0,0,0
EALC 207,Classical Chinese Lit,0,1,0,1,0,1,1,0,0,0,0,0,0,0,0,0,0
EALC 208,Chinese Cinema,0,1,0,1,0,1,1,0,0,0,0,0,0,0,0,0,0
EALC 212,East Asian Art History,0,1,0,1,0,1,1,0,0,0,0,0,0,0,0,0,0
EALC 214,Art in China,0,1,0,1,0,0,0,0,0,0,0,0,0,0,0,0,0
EALC 220,Traditional China,0,1,0,1,0,1,0,1,0,0,0,0,0,0,0,0,0
EALC 221,Modern China,0,1,0,1,0,0,0,0,0,0,0,0,0,0,0,0,0
EALC 222,Chinese Thought and Culture,0,1,0,1,0,1,0,1,0,0,0,0,0,0,0,0,0
EALC 225,Japanese Religions: Thought and Practice,0,1,0,1,0,1,0,1,0,0,0,0,0,0,0,0,0
EALC 227,Modern Japanese History,0,1,0,1,0,1,0,1,0,0,0,0,0,0,0,0,0
EALC 230,Popular Cultures of Contemporary East Asia,0,1,0,1,0,1,1,0,0,0,0,0,0,0,0,0,0
EALC 240,Chinese Civilization,0,1,0,1,0,0,0,0,0,0,0,0,0,0,0,0,0
EALC 250,Intro to Japanese Culture,0,1,0,1,0,0,0,0,0,0,0,0,0,0,1,0,1
EALC 275,Masterpieces of East Asian Lit,0,1,0,1,0,1,1,0,0,0,0,0,0,0,0,0,0
EALC 276,Asian Film Genres,0,1,0,1,0,1,1,0,0,0,0,0,0,0,0,0,0
EALC 280,Anthropology of Martial Arts,0,1,0,1,0,0,0,0,0,0,0,0,0,0,1,0,1
EALC 285,Intro to Korea Through Film,0,1,0,1,0,0,0,0,0,0,0,0,0,0,0,0,0
EALC 287,Introduction to Buddhism,0,1,0,1,0,1,0,1,0,0,0,0,0,0,0,0,0
EALC 305,Japan Lit in Translation I,0,1,0,1,0,1,1,0,0,0,0,0,0,0,0,0,0
EALC 306,Japan Lit in Translation II,0,1,0,1,0,1,1,0,0,0,0,0,0,0,0,0,0
EALC 365,Contemporary Korean Society,0,1,0,1,0,0,0,0,0,0,0,0,0,0,1,0,1
EALC 367,History of Korea,0,1,0,1,0,1,0,1,0,0,0,0,0,0,0,0,0
EDUC 201,Identity and Difference in Education,0,1,1,0,0,0,0,0,0,0,0,0,0,0,0,0,0
ENGL 115,Intro to British Literature,0,1,0,0,1,1,1,0,0,0,0,0,0,0,0,0,0
ENGL 116,Introduction to American Literature,0,1,0,0,1,1,1,0,0,0,0,0,0,0,0,0,0
ENGL 150,Black Literature in America,0,1,1,0,0,1,1,0,0,0,0,0,0,0,0,0,0
ENGL 202,Medieval Literature and Culture,0,1,0,0,1,1,1,0,0,0,0,0,0,0,0,0,0
ENGL 204,Renaissance Literature and Culture,0,1,0,0,1,1,1,0,0,0,0,0,0,0,0,0,0
ENGL 206,Enlightenment Literature and Culture,0,1,0,0,1,1,1,0,0,0,0,0,0,0,0,0,0
ENGL 207,Romantic Literature and Culture,0,1,0,0,1,1,1,0,0,0,0,0,0,0,0,0,0
ENGL 208,Victorian Literature and Culture,0,1,0,0,1,1,1,0,0,0,0,0,0,0,0,0,0
ENGL 209,Early British Literature and Culture,0,1,0,0,1,1,1,0,0,0,0,0,0,0,0,0,0
ENGL 210,Modern British Literature and Culture,0,1,0,0,1,1,1,0,0,0,0,0,0,0,0,0,0
ENGL 211,Introduction to Modern African Literature,0,1,0,1,0,1,1,0,0,0,0,0,0,0,0,0,0
ENGL 213,Modernist Literature and Culture,0,1,0,0,1,1,1,0,0,0,0,0,0,0,0,0,0
ENGL 216,Legends of King Arthur,0,1,0,0,1,1,1,0,0,0,0,0,0,0,0,0,0
ENGL 222,Jewish American and US Minority Literatures in Dialogue,0,1,1,0,0,1,1,0,0,0,0,0,0,0,0,0,0
ENGL 224,Latina/o Popular Culture,0,1,1,0,0,0,0,0,0,0,0,0,0,0,0,0,0
ENGL 225,Intro to Latina/o Literature,0,1,1,0,0,1,1,0,0,0,0,0,0,0,0,0,0
ENGL 241,Modern Poetry,0,1,0,0,1,0,0,0,0,0,0,0,0,0,0,0,0
ENGL 247,The British Novel,0,1,0,0,1,1,1,0,0,0,0,0,0,0,0,0,0
ENGL 250,Nineteenth-Century American Fiction,0,1,0,0,1,1,1,0,0,0,0,0,0,0,0,0,0
ENGL 251,The Twentieth-Century American Novel,0,1,0,0,1,1,1,0,0,0,0,0,0,0,0,0,0
ENGL 255,Early American Literature and Culture,0,1,0,0,1,1,1,0,0,0,0,0,0,0,0,0,0
ENGL 259,Early African American Literature and Culture,0,1,1,0,0,0,0,0,0,0,0,0,0,0,0,0,0
ENGL 260,Modern African American Literature and Culture,0,1,1,0,0,0,0,0,0,0,0,0,0,0,0,0,0
ENGL 265,Intro to American Indian Lit,0,1,1,0,0,1,1,0,0,0,0,0,0,0,0,0,0
ENGL 266,Grimm's Fairy Tales in Context,0,1,0,0,1,1,1,0,0,0,0,0,0,0,0,0,0
ENGL 269,The Holocaust in Context,0,1,0,0,1,1,1,0,0,0,0,0,0,0,0,0,0
ENGL 275,Am Indian and Indigenous Film,0,1,1,0,0,1,1,0,0,0,0,0,0,0,0,0,0
ENGL 276,Asian Film Genres,0,1,0,1,0,1,1,0,0,0,0,0,0,0,0,0,0
ENGL 285,Postcolonial Literature in English,0,1,0,1,0,1,1,0,0,0,0,0,0,0,0,0,0
ENGL 286,Asian American Literature,0,1,1,0,0,1,1,0,0,0,0,0,0,0,0,0,0
ENGL 359,Responses to the Holocaust,0,1,0,0,1,1,1,0,0,0,0,0,0,0,0,0,0
EPOL 380,Education and Social Justice,0,1,1,0,0,1,0,1,0,0,0,0,0,0,0,0,0
EPSY 202,Exploring Cultural Pluralism,0,1,1,0,0,0,0,0,0,0,0,0,0,0,0,0,0
EPSY 222,Language & Culture of Deaf Communities,0,1,1,0,0,0,0,0,0,0,0,0,0,0,1,0,1
ESE 106,Geographies of Globalization,0,1,0,1,0,0,0,0,0,0,0,0,0,0,1,0,1
ESE 202,American Environmental History,0,1,0,0,1,1,0,1,0,0,0,0,0,0,0,0,0
ESE 254,"People, Places, and Environments of the US",0,1,1,0,0,0,0,0,0,0,0,0,0,0,1,0,1
ESE 287,Environment and Society,0,1,0,0,1,0,0,0,0,0,0,0,0,0,1,0,1
FAA 201,Black Arts Today,0,1,1,0,0,1,1,0,0,0,0,0,0,0,0,0,0
FR 156,Exploring Paris,0,1,0,0,1,1,1,0,0,0,0,0,0,0,0,0,0
FR 165,French in US Minority Cultures,0,1,1,0,0,0,0,0,0,0,0,0,0,0,0,0,0
FR 190,French Food for Thought,0,1,0,0,1,0,0,0,0,0,0,0,0,0,1,0,1
FR 240,Constr Afr and Carib Identity,0,1,0,1,0,1,1,0,0,0,0,0,0,0,0,0,0
GER 201,German Popular Culture,0,1,0,0,1,1,1,0,0,0,0,0,0,0,0,0,0
GER 205,Germany and Europe,0,1,0,0,1,1,0,1,0,0,0,0,0,0,0,0,0
GER 251,Grimm's Fairy Tales in Context,0,1,0,0,1,1,1,0,0,0,0,0,0,0,0,0,0
GER 261,The Holocaust in Context,0,1,0,0,1,1,1,0,0,0,0,0,0,0,0,0,0
GGIS 101,Global Development & Environment,0,1,0,1,0,0,0,0,0,0,0,0,0,0,1,0,1
GGIS 106,Geographies of Globalization,0,1,0,1,0,0,0,0,0,0,0,0,0,0,1,0,1
GGIS 204,Cities of the World,0,1,0,0,1,0,0,0,0,0,0,0,0,0,1,0,1
GGIS 254,"People, Places, and Environments of the US",0,1,1,0,0,0,0,0,0,0,0,0,0,0,1,0,1
GGIS 287,Environment and Society,0,1,0,0,1,0,0,0,0,0,0,0,0,0,1,0,1
GLBL 100,Intro to Global Studies,0,1,0,0,1,0,0,0,0,0,0,0,0,0,1,0,1
GLBL 130,Resistance Movements,0,1,1,0,0,0,0,0,0,0,0,0,0,0,0,0,0
GLBL 228,"Terrorism, Past and Present",0,1,0,0,1,1,0,1,0,0,0,0,0,0,0,0,0
GLBL 240,Global Health,0,1,0,0,1,0,0,0,0,0,0,0,0,0,0,0,0
GLBL 250,Development,0,1,0,1,0,0,0,0,0,0,0,0,0,0,0,0,0
GLBL 272,Language and Culture in Turkey,0,1,0,1,0,0,0,0,0,0,0,0,0,0,0,0,0
GRKM 260,Decolonizing the Body: Eros and the Erotic in the Poetry of C.P. Cavafy,0,1,0,0,1,1,1,0,0,0,0,0,0,0,0,0,0
GWS 103,Black Women in the Diaspora,0,1,1,0,0,0,0,0,0,0,0,0,0,0,0,0,0
GWS 201,"Race, Gender & Power",0,1,0,0,1,0,0,0,0,0,0,0,0,0,0,0,0
GWS 202,Sexualities,0,1,0,0,1,0,0,0,0,0,0,0,0,0,0,0,0
GWS 215,US Citizenship Comparatively,0,1,1,0,0,1,0,1,0,0,0,0,0,0,0,0,0
GWS 230,Latina/o Genders & Sexualities,0,1,1,0,0,0,0,0,0,0,0,0,0,0,0,0,0
GWS 240,Gender & Sexuality in Greco-Roman Antiquity,0,1,0,0,1,1,1,0,0,0,0,0,0,0,0,0,0
GWS 263,History of Medicine in the United States,0,1,1,0,0,1,0,1,0,0,0,0,0,0,0,0,0
GWS 275,The Politics of Fashion,0,1,1,0,0,0,0,0,0,0,0,0,0,0,0,0,0
GWS 282,Feminist and Queer Activisms,0,1,1,0,0,0,0,0,0,0,0,0,0,0,0,0,0
GWS 285,US Gender History to 1877,0,1,1,0,0,1,0,1,0,0,0,0,0,0,0,0,0
GWS 288,Global Islam and Feminisms,0,1,0,1,0,0,0,0,0,0,0,0,0,0,0,0,0
GWS 356,Sex & Gender in Popular Media,0,1,0,0,1,0,0,0,0,0,0,0,0,0,0,0,0
GWS 380,Black Women Hist & Cultures,0,1,0,1,0,0,0,0,0,0,0,0,0,0,0,0,0
GWS 382,Black Women & Popular Culture,0,1,1,0,0,0,0,0,0,0,0,0,0,0,0,0,0
GWS 393,Policing Latinx Immigrant Communities,0,1,1,0,0,0,0,0,0,0,0,0,0,0,0,0,0
HDFS 120,Intro to Family Studies,0,1,1,0,0,0,0,0,0,0,0,0,0,0,1,0,1
HDFS 220,Families in Global Perspective,0,1,0,1,0,0,0,0,0,0,0,0,0,0,1,0,1
HDFS 221,Asian Families in America,0,1,1,0,0,0,0,0,0,0,0,0,0,0,1,0,1
HDFS 263,"Diversity in Recreation, Sport, and Tourism",0,1,1,0,0,0,0,0,0,0,0,0,0,0,0,0,0
HDFS 322,US Latina and Latino Families,0,1,1,0,0,0,0,0,0,0,0,0,0,0,0,0,0
HIST 100,Global History,0,1,0,1,0,1,0,1,0,0,0,0,0,0,0,0,0
HIST 103,A History of Everything: The Big Bang to Big Data,0,1,0,0,1,1,0,1,0,0,0,0,0,0,0,0,0
HIST 104,Black Music,0,1,1,0,0,1,0,1,0,0,0,0,0,0,0,0,0
HIST 105,Latin America to Independence,0,1,0,1,0,1,0,1,0,0,0,0,0,0,0,0,0
HIST 106,Modern Latin America,0,1,0,1,0,1,0,1,0,0,0,0,0,0,0,0,0
HIST 111,History of Africa to 1800,0,1,0,1,0,1,0,1,0,0,0,0,0,0,0,0,0
HIST 112,History of Africa from 1800,0,1,0,1,0,1,0,1,0,0,0,0,0,0,0,0,0
HIST 120,East Asian Civilizations,0,1,0,1,0,1,0,1,0,0,0,0,0,0,0,0,0
HIST 130,History of South Asia,0,1,0,1,0,1,0,1,0,0,0,0,0,0,0,0,0
HIST 135,History of Islamic Middle East,0,1,0,1,0,1,0,1,0,0,0,0,0,0,0,0,0
HIST 141,Western Worlds: Ancient and Medieval Societies from the Mediterranean to Northern Europe,0,1,0,0,1,1,0,1,0,0,0,0,0,0,0,0,0
HIST 142,Modern Europe and the World,0,1,0,0,1,1,0,1,0,0,0,0,0,0,0,0,0
HIST 164,The Automobile,0,1,0,0,1,1,0,1,0,0,0,0,0,0,0,0,0
HIST 171,US History to 1877,0,1,1,0,0,1,0,1,0,0,0,0,0,0,0,0,0
HIST 172,US History Since 1877,0,1,1,0,0,1,0,1,0,0,0,0,0,0,0,0,0
HIST 174,"Black America, 1619-Present",0,1,1,0,0,1,0,1,0,0,0,0,0,0,0,0,0
HIST 202,American Environmental History,0,1,0,0,1,1,0,1,0,0,0,0,0,0,0,0,0
HIST 205,Lived Experience in Latin America,0,1,0,1,0,1,0,1,0,0,0,0,0,0,0,0,0
HIST 209,World War II: A Global History,0,1,0,0,1,1,0,1,0,0,0,0,0,0,0,0,0
HIST 211,History of Southern Africa,0,1,0,1,0,1,0,1,0,0,0,0,0,0,0,0,0
HIST 212,History of Eastern Africa,0,1,0,1,0,1,0,1,0,0,0,0,0,0,0,0,0
HIST 213,African Muslim Societies,0,1,0,1,0,1,0,1,0,0,0,0,0,0,0,0,0
HIST 219,History of the Prison,0,1,0,0,1,1,0,1,0,0,0,0,0,0,0,0,0
HIST 220,Traditional China,0,1,0,1,0,1,0,1,0,0,0,0,0,0,0,0,0
HIST 221,Modern China,0,1,0,1,0,0,0,0,0,0,0,0,0,0,0,0,0
HIST 222,Chinese Thought and Culture,0,1,0,1,0,1,0,1,0,0,0,0,0,0,0,0,0
HIST 227,Modern Japanese History,0,1,0,1,0,1,0,1,0,0,0,0,0,0,0,0,0
HIST 228,From Genghis Khan to the Taliban: War and Peace in Central Asia,0,1,0,1,0,1,0,1,0,0,0,0,0,0,0,0,0
HIST 236,Madness and Modern Society,0,1,0,0,1,1,0,1,0,0,0,0,0,0,0,0,0
HIST 241,History of Ancient Rome,0,1,0,0,1,1,0,1,0,0,0,0,0,0,0,0,0
HIST 247,Medieval Europe,0,1,0,0,1,1,0,1,0,0,0,0,0,0,0,0,0
HIST 252,The Holocaust,0,1,0,0,1,1,0,1,0,0,0,0,0,0,0,0,0
HIST 253,Enlightenment to Existentialsm,0,1,0,0,1,1,0,1,0,0,0,0,0,0,0,0,0
HIST 254,Vikings to Volvos: Scandinavia,0,1,0,0,1,1,1,0,0,0,0,0,0,0,0,0,0
HIST 255,British Isles to 1688,0,1,0,0,1,1,0,1,0,0,0,0,0,0,0,0,0
HIST 257,"Terrorism, Past and Present",0,1,0,0,1,1,0,1,0,0,0,0,0,0,0,0,0
HIST 258,20thC World to Midcentury,0,1,0,0,1,1,0,1,0,0,0,0,0,0,0,0,0
HIST 259,20thC World from Midcentury,0,1,0,0,1,1,0,1,0,0,0,0,0,0,0,0,0
HIST 260,History of Russia,0,1,0,0,1,1,0,1,0,0,0,0,0,0,0,0,0
HIST 262,Zionism: A Global History,0,1,0,0,1,1,0,1,0,0,0,0,0,0,0,0,0
HIST 263,History of Medicine in the United States,0,1,1,0,0,1,0,1,0,0,0,0,0,0,0,0,0
HIST 264,Technology in Western Society,0,1,0,0,1,1,0,1,0,0,0,0,0,0,0,0,0
HIST 268,Biology and Society from Darwin to the Human Genome,0,1,0,0,1,1,0,1,0,0,0,0,0,0,0,0,0
HIST 269,Jewish History Since 1700,0,1,0,0,1,1,0,1,0,0,0,0,0,0,0,0,0
HIST 274,US Foreign Relations Since 1917,0,1,1,0,1,1,0,1,0,0,0,0,0,0,0,0,0
HIST 275,Afro-American History to 1877,0,1,1,0,0,1,0,1,0,0,0,0,0,0,0,0,0
HIST 276,African American History Since 1877,0,1,1,0,0,1,0,1,0,0,0,0,0,0,0,0,0
HIST 277,Encounters in Native America,0,1,1,0,0,1,0,1,0,0,0,0,0,0,0,0,0
HIST 278,Native American History,0,1,1,0,0,1,0,1,0,0,0,0,0,0,0,0,0
HIST 279,Mexican-American History,0,1,1,0,0,1,0,1,0,0,0,0,0,0,0,0,0
HIST 280,Caribbean Latina/o Migration,0,1,1,0,0,1,0,1,0,0,0,0,0,0,0,0,0
HIST 281,Constructing Race in America,0,1,1,0,0,1,0,1,0,0,0,0,0,0,0,0,0
HIST 283,Asian American History,0,1,1,0,0,1,0,1,0,0,0,0,0,0,0,0,0
HIST 285,US Gender History to 1877,0,1,1,0,0,1,0,1,0,0,0,0,0,0,0,0,0
HIST 288,American Indians of Illinois,0,1,1,0,0,1,0,1,0,0,0,0,0,0,0,0,0
HIST 290,"Religion, Violence & America",0,1,0,0,1,0,0,0,0,0,0,0,0,0,0,0,0
HIST 293,The President and the People,0,1,0,0,1,1,0,1,0,0,0,0,0,0,0,0,0
HIST 325,History of Korea,0,1,0,1,0,1,0,1,0,0,0,0,0,0,0,0,0
HK 271,Health Equity in the United States,0,1,1,0,0,0,0,0,0,0,0,0,0,0,0,0,0
HNDI 115,Language and Culture in India,0,1,0,1,0,0,0,0,0,0,0,0,0,0,0,0,0
IB 110,Race and Environmental Biology,0,1,1,0,0,0,0,0,1,1,0,0,0,0,0,0,0
IS 145,Mapping Inequalities,0,1,1,0,0,0,0,0,0,0,0,1,0,1,1,0,1
IS 266,Community Innovation,0,1,0,0,1,0,0,0,0,0,0,0,0,0,1,0,1
ITAL 156,Exploring Rome: History and Culture of the Eternal City,0,1,0,0,1,1,1,0,0,0,0,0,0,0,0,0,0
ITAL 250,Minority Identities in Film and Culture: The Italian American and African American Experience,0,1,1,0,0,0,0,0,0,0,0,0,0,0,0,0,0
JS 108,Religion & Society in West I,0,1,0,0,1,1,0,1,0,0,0,0,0,0,0,0,0
JS 201,History of Antisemitism,0,1,0,0,1,1,0,1,0,0,0,0,0,0,0,0,0
JS 209,Jewish American and US Minority Literatures in Dialogue,0,1,1,0,0,1,1,0,0,0,0,0,0,0,0,0,0
JS 211,The Arab-Israeli Conflict,0,1,0,0,1,1,1,0,0,0,0,0,0,0,0,0,0
JS 212,Israeli Cinema and Television,0,1,0,0,1,1,1,0,0,0,0,0,0,0,0,0,0
JS 231,Development of Ancient Cities,0,1,0,0,1,1,0,1,0,0,0,0,0,0,0,0,0
JS 252,The Holocaust,0,1,0,0,1,1,0,1,0,0,0,0,0,0,0,0,0
JS 261,The Holocaust in Context,0,1,0,0,1,1,1,0,0,0,0,0,0,0,0,0,0
JS 262,Zionism: A Global History,0,1,0,0,1,1,0,1,0,0,0,0,0,0,0,0,0
JS 269,Jewish History Since 1700,0,1,0,0,1,1,0,1,0,0,0,0,0,0,0,0,0
JS 320,Responses to the Holocaust,0,1,0,0,1,1,1,0,0,0,0,0,0,0,0,0,0
LA 221,History of the Prison,0,1,0,0,1,1,0,1,0,0,0,0,0,0,0,0,0
LA 222,Islamic Gardens & Architecture,0,1,0,1,0,1,0,1,0,0,0,0,0,0,0,0,0
LA 242,Nature and American Culture,0,1,0,0,1,0,0,0,0,0,0,0,0,0,0,0,0
LAST 170,"Que Pasa in Latin America? Cultures, Histories and Politics South of the Rio Grande",0,1,0,1,0,0,0,0,0,0,0,0,0,0,1,0,1
LAST 210,Life in the Andes,0,1,0,1,0,0,0,0,0,0,0,0,0,0,1,0,1
LAST 232,Spanish in the Community,0,1,1,0,0,0,0,0,0,0,0,0,0,0,0,0,0
LAST 240,Constr Afr and Carib Identity,0,1,0,1,0,1,1,0,0,0,0,0,0,0,0,0,0
LAW 302,Transitional Justice,0,1,1,0,0,1,0,1,0,0,0,0,0,0,0,0,0
LEAD 340,Leadership Ethics & Society: Addressing Contemporary Challenges,0,1,1,0,0,0,0,0,0,0,0,0,0,0,0,0,0
LING 115,Language and Culture in India,0,1,0,1,0,0,0,0,0,0,0,0,0,0,0,0,0
LING 222,Language in Globalization,0,1,0,1,0,0,0,0,0,0,0,0,0,0,0,0,0
LING 250,American Voices: Linguistic Diversity in the US,0,1,1,0,0,0,0,0,0,0,0,0,0,0,1,0,1
LING 270,"Language, Technology & Society",0,1,0,0,1,0,0,0,0,0,0,0,0,0,1,1,0
LLS 100,Intro Latina/Latino Studies,0,1,1,0,0,0,0,0,0,0,0,0,0,0,1,0,1
LLS 200,U.S. Race and Empire,0,1,1,0,0,1,0,1,0,0,0,0,0,0,0,0,0
LLS 201,US Racial & Ethnic Politics,0,1,1,0,0,0,0,0,0,0,0,0,0,0,1,0,1
LLS 215,US Citizenship Comparatively,0,1,1,0,0,1,0,1,0,0,0,0,0,0,0,0,0
LLS 220,Latina/o Migration,0,1,1,0,0,0,0,0,0,0,0,0,0,0,1,0,1
LLS 230,Latina/o Genders & Sexualities,0,1,1,0,0,0,0,0,0,0,0,0,0,0,0,0,0
LLS 240,Latina/o Popular Culture,0,1,1,0,0,0,0,0,0,0,0,0,0,0,0,0,0
LLS 242,Intro to Latina/o Literature,0,1,1,0,0,1,1,0,0,0,0,0,0,0,0,0,0
LLS 246,Gender & Sexuality in Latina/o Literature,0,1,1,0,0,1,1,0,0,0,0,0,0,0,0,0,0
LLS 248,"Latin American Diaspora through Film: Beyond Braceros, Narcos, and Latin Lovers",0,1,1,0,0,1,1,0,0,0,0,0,0,0,0,0,0
LLS 250,Latina/os on the Bronze Screen,0,1,1,0,0,1,1,0,0,0,0,0,0,0,0,0,0
LLS 258,Muslims in America,0,1,1,0,0,0,0,0,0,0,0,0,0,0,1,0,1
LLS 259,Latina/o Anthropology,0,1,1,0,0,0,0,0,0,0,0,0,0,0,1,0,1
LLS 279,Mexican-American History,0,1,1,0,0,1,0,1,0,0,0,0,0,0,0,0,0
LLS 280,Caribbean Latina/o Migration,0,1,1,0,0,1,0,1,0,0,0,0,0,0,0,0,0
LLS 281,Constructing Race in America,0,1,1,0,0,1,0,1,0,0,0,0,0,0,0,0,0
LLS 282,Feminist and Queer Activisms,0,1,1,0,0,0,0,0,0,0,0,0,0,0,0,0,0
LLS 322,US Latina and Latino Families,0,1,1,0,0,0,0,0,0,0,0,0,0,0,0,0,0
LLS 360,Contemporary US Latina/o Lit,0,1,1,0,0,1,1,0,0,0,0,0,0,0,0,0,0
MACS 100,Intro to Popular TV & Movies,0,1,0,0,1,1,1,0,0,0,0,0,0,0,0,0,0
MACS 207,Indian Cinema in Context,0,1,0,1,0,1,1,0,0,0,0,0,0,0,0,0,0
MACS 211,Intro to African-American Film,0,1,1,0,0,0,0,0,0,0,0,0,0,0,0,0,0
MACS 250,Latina/os on the Bronze Screen,0,1,1,0,0,1,1,0,0,0,0,0,0,0,0,0,0
MACS 261,Survey of World Cinema I,0,1,0,0,1,1,1,0,0,0,0,0,0,0,0,0,0
MACS 262,Survey of World Cinema II,0,1,0,0,1,1,1,0,0,0,0,0,0,0,0,0,0
MACS 264,Media Industries,0,1,0,0,1,1,0,1,0,0,0,0,0,0,0,0,0
MACS 266,Community Innovation,0,1,0,0,1,0,0,0,0,0,0,0,0,0,1,0,1
MACS 275,Am Indian and Indigenous Film,0,1,1,0,0,1,1,0,0,0,0,0,0,0,0,0,0
MACS 356,Sex & Gender in Popular Media,0,1,0,0,1,0,0,0,0,0,0,0,0,0,0,0,0
MDVL 201,Medieval Literature and Culture,0,1,0,0,1,1,1,0,0,0,0,0,0,0,0,0,0
MDVL 216,Legends of King Arthur,0,1,0,0,1,1,1,0,0,0,0,0,0,0,0,0,0
MDVL 247,Medieval Europe,0,1,0,0,1,1,0,1,0,0,0,0,0,0,0,0,0
MDVL 251,Viking Mythology,0,1,0,0,1,1,0,1,0,0,0,0,0,0,0,0,0
MDVL 252,Viking Sagas in Translation,0,1,0,0,1,1,1,0,0,0,0,0,0,0,0,0,0
MDVL 255,British Isles to 1688,0,1,0,0,1,1,0,1,0,0,0,0,0,0,0,0,0
MUS 130,Music Then and Now,0,1,0,0,1,1,1,0,0,0,0,0,0,0,0,0,0
MUS 132,Popular Music Studies,0,1,1,0,0,1,1,0,0,0,0,0,0,0,0,0,0
MUS 133,Introduction to World Music,0,1,0,1,0,1,1,0,0,0,0,0,0,0,0,0,0
MUSE 250,The World Through Museums,0,1,0,0,1,0,0,0,0,0,0,0,0,0,1,0,1
NRES 202,American Environmental History,0,1,0,0,1,1,0,1,0,0,0,0,0,0,0,0,0
NRES 224,Environmental and Climate Justice,0,1,1,0,0,0,0,0,0,0,0,0,0,0,1,0,1
NRES 242,Nature and American Culture,0,1,0,0,1,0,0,0,0,0,0,0,0,0,0,0,0
NRES 287,Environment and Society,0,1,0,0,1,0,0,0,0,0,0,0,0,0,1,0,1
PHIL 108,Religion & Society in West I,0,1,0,0,1,1,0,1,0,0,0,0,0,0,0,0,0
PHIL 109,Religion & Society in West II,0,1,0,0,1,1,0,1,0,0,0,0,0,0,0,0,0
PHIL 110,World Religions,0,1,0,1,0,1,0,1,0,0,0,0,0,0,0,0,0
POL 115,Intro to Polish Culture,0,1,0,0,1,1,1,0,0,0,0,0,0,0,0,0,0
PORT 150,Writing Brazilians into the U.S.,0,1,1,0,0,0,0,0,0,0,0,0,0,0,1,0,1
PS 152,The New Middle East,0,1,0,1,0,0,0,0,0,0,0,0,0,0,1,0,1
PS 201,US Racial & Ethnic Politics,0,1,1,0,0,0,0,0,0,0,0,0,0,0,1,0,1
PS 214,American Indian Law & Politics,0,1,1,0,0,0,0,0,0,0,0,0,0,0,1,0,1
PS 241,Comparative Politics in the Global South,0,1,0,1,0,0,0,0,0,0,0,0,0,0,1,0,1
PS 242,Introduction to Modern Africa,0,1,0,1,0,0,0,0,0,0,0,0,0,0,0,0,0
PS 243,Pan Africanism,0,1,0,1,0,0,0,0,0,0,0,0,0,0,0,0,0
PS 273,Environment and Society,0,1,0,0,1,0,0,0,0,0,0,0,0,0,1,0,1
PSYC 144,"Stereotypes, Prejudice & Discrimination",0,1,1,0,0,0,0,0,0,0,0,0,0,0,1,1,0
PSYC 236,Madness and Modern Society,0,1,0,0,1,1,0,1,0,0,0,0,0,0,0,0,0
REES 115,Intro to Polish Culture,0,1,0,0,1,1,1,0,0,0,0,0,0,0,0,0,0
REES 116,Intro to Russian Culture,0,1,0,0,1,1,1,0,0,0,0,0,0,0,0,0,0
REES 228,From Genghis Khan to the Taliban: War and Peace in Central Asia,0,1,0,1,0,1,0,1,0,0,0,0,0,0,0,0,0
REES 265,Central Asian Societies,0,1,0,1,0,0,0,0,0,0,0,0,0,0,1,0,1
REL 104,Asian Mythology,0,1,0,1,0,1,0,1,0,0,0,0,0,0,0,0,0
REL 108,Religion & Society in West I,0,1,0,0,1,1,0,1,0,0,0,0,0,0,0,0,0
REL 109,Religion & Society in West II,0,1,0,0,1,1,0,1,0,0,0,0,0,0,0,0,0
REL 110,World Religions,0,1,0,1,0,1,0,1,0,0,0,0,0,0,0,0,0
REL 115,Language and Culture in India,0,1,0,1,0,0,0,0,0,0,0,0,0,0,0,0,0
REL 122,History East Asian Religions,0,1,0,1,0,1,0,1,0,0,0,0,0,0,0,0,0
REL 132,Zen,0,1,0,1,0,1,0,1,0,0,0,0,0,0,0,0,0
REL 134,"Religion, Race, and Resistance",0,1,1,0,0,0,0,0,0,0,0,0,0,0,0,0,0
REL 160,Ancient Greek & Roman Religion,0,1,0,0,1,1,0,1,0,0,0,0,0,0,0,0,0
REL 208,Cultures & Literatures of South Asia,0,1,0,1,0,1,1,0,0,0,0,0,0,0,0,0,0
REL 212,History of Antisemitism,0,1,0,0,1,1,0,1,0,0,0,0,0,0,0,0,0
REL 214,Introduction to Islam,0,1,0,1,0,1,0,1,0,0,0,0,0,0,0,0,0
REL 215,African Muslim Societies,0,1,0,1,0,1,0,1,0,0,0,0,0,0,0,0,0
REL 223,The Qur'an (Koran),0,1,0,1,0,1,1,0,0,0,0,0,0,0,0,0,0
REL 224,Chinese Thought and Culture,0,1,0,1,0,1,0,1,0,0,0,0,0,0,0,0,0
REL 225,Japanese Religions: Thought and Practice,0,1,0,1,0,1,0,1,0,0,0,0,0,0,0,0,0
REL 234,Black Religious Imaginations,0,1,1,0,0,0,0,0,0,0,0,0,0,0,0,0,0
REL 236,"Religion, Violence & America",0,1,0,0,1,0,0,0,0,0,0,0,0,0,0,0,0
REL 251,Viking Mythology,0,1,0,0,1,1,0,1,0,0,0,0,0,0,0,0,0
REL 258,Muslims in America,0,1,1,0,0,0,0,0,0,0,0,0,0,0,1,0,1
REL 260,Mystics and Saints in Islam,0,1,0,1,0,1,1,0,0,0,0,0,0,0,0,0,0
REL 269,Jewish History Since 1700,0,1,0,0,1,1,0,1,0,0,0,0,0,0,0,0,0
REL 286,Introduction to Hinduism,0,1,0,1,0,1,0,1,0,0,0,0,0,0,0,0,0
REL 287,Introduction to Buddhism,0,1,0,1,0,1,0,1,0,0,0,0,0,0,0,0,0
REL 320,Responses to the Holocaust,0,1,0,0,1,1,1,0,0,0,0,0,0,0,0,0,0
RST 230,"Diversity in Recreation, Sport, and Tourism",0,1,1,0,0,0,0,0,0,0,0,0,0,0,0,0,0
RST 242,Nature and American Culture,0,1,0,0,1,0,0,0,0,0,0,0,0,0,0,0,0
RST 335,Leisure and Consumer Culture,0,1,0,0,1,0,0,0,0,0,0,0,0,0,1,0,1
RUSS 115,Intro to Russian Culture,0,1,0,0,1,1,1,0,0,0,0,0,0,0,0,0,0
RUSS 122,Russia and Black America,0,1,1,0,0,0,0,0,0,0,0,0,0,0,0,0,0
SAME 150,Lang&Culture of Arab World,0,1,0,1,0,0,0,0,0,0,0,0,0,0,0,0,0
SAME 152,The New Middle East,0,1,0,1,0,0,0,0,0,0,0,0,0,0,1,0,1
SAME 208,Cultures & Literatures of South Asia,0,1,0,1,0,1,1,0,0,0,0,0,0,0,0,0,0
SAME 211,The Arab-Israeli Conflict,0,1,0,0,1,1,1,0,0,0,0,0,0,0,0,0,0
SAME 212,Israeli Cinema and Television,0,1,0,0,1,1,1,0,0,0,0,0,0,0,0,0,0
SAME 214,Introduction to Islam,0,1,0,1,0,1,0,1,0,0,0,0,0,0,0,0,0
SAME 223,The Qur'an (Koran),0,1,0,1,0,1,1,0,0,0,0,0,0,0,0,0,0
SAME 250,Introduction to Middle East Studies,0,1,0,1,0,0,0,0,0,0,0,0,0,0,0,0,0
SAME 260,Mystics and Saints in Islam,0,1,0,1,0,1,1,0,0,0,0,0,0,0,0,0,0
SAME 265,Central Asian Societies,0,1,0,1,0,0,0,0,0,0,0,0,0,0,1,0,1
SAME 272,Language and Culture in Turkey,0,1,0,1,0,0,0,0,0,0,0,0,0,0,0,0,0
SCAN 225,Vikings to Volvos: Scandinavia,0,1,0,0,1,1,1,0,0,0,0,0,0,0,0,0,0
SCAN 251,Viking Mythology,0,1,0,0,1,1,0,1,0,0,0,0,0,0,0,0,0
SCAN 252,Viking Sagas in Translation,0,1,0,0,1,1,1,0,0,0,0,0,0,0,0,0,0
SHS 222,Language & Culture of Deaf Communities,0,1,1,0,0,0,0,0,0,0,0,0,0,0,1,0,1
SLCL 110,Introduction to Intercultural Competence,0,1,0,0,1,1,1,0,0,0,0,0,0,0,0,0,0
SLCL 200,Topics in Global Culture,0,1,0,0,1,1,0,1,0,0,0,0,0,0,0,0,0
SOC 160,Global Ineq and Social Change,0,1,0,1,0,0,0,0,0,0,0,0,0,0,1,0,1
SOC 161,Introduction to Poverty,0,1,0,0,1,0,0,0,0,0,0,0,0,0,1,0,1
SOC 180,Stress and Health in African American Communities,0,1,1,0,0,0,0,0,0,0,0,0,0,0,1,0,1
SOC 201,"Race, Gender & Power",0,1,0,0,1,0,0,0,0,0,0,0,0,0,0,0,0
SOC 202,Sexualities,0,1,0,0,1,0,0,0,0,0,0,0,0,0,0,0,0
SOC 221,Latina/o Migration,0,1,1,0,0,0,0,0,0,0,0,0,0,0,1,0,1
SOC 222,Introduction to Modern Africa,0,1,0,1,0,0,0,0,0,0,0,0,0,0,0,0,0
SOC 225,Race and Ethnicity,0,1,1,0,0,0,0,0,0,0,0,0,0,0,1,0,1
SOC 265,Central Asian Societies,0,1,0,1,0,0,0,0,0,0,0,0,0,0,1,0,1
SOCW 297,Asian Families in America,0,1,1,0,0,0,0,0,0,0,0,0,0,0,1,0,1
SPAN 232,Spanish in the Community,0,1,1,0,0,0,0,0,0,0,0,0,0,0,0,0,0
SPAN 240,Latina/o Popular Culture,0,1,1,0,0,0,0,0,0,0,0,0,0,0,0,0,0
SPAN 242,Intro to Latina/o Literature,0,1,1,0,0,1,1,0,0,0,0,0,0,0,0,0,0
SPAN 246,Gender & Sexuality in Latina/o Literature,0,1,1,0,0,1,1,0,0,0,0,0,0,0,0,0,0
SPAN 248,"Latin American Diaspora through Film: Beyond Braceros, Narcos, and Latin Lovers",0,1,1,0,0,1,1,0,0,0,0,0,0,0,0,0,0
THEA 110,Broadway Musicals,0,1,0,0,1,1,1,0,0,0,0,0,0,0,0,0,0
THEA 260,Intro Asian American Theatre,0,1,1,0,0,0,0,0,0,0,0,0,0,0,0,0,0
THEA 263,Introduction to African American Theatre,0,1,1,0,0,0,0,0,0,0,0,0,0,0,0,0,0
TURK 270,Language and Culture in Turkey,0,1,0,1,0,0,0,0,0,0,0,0,0,0,0,0,0
UKR 113,Ukrainian Culture,0,1,0,0,1,1,1,0,0,0,0,0,0,0,0,0,0
UP 160,"Race, Social Justice, and Cities",0,1,1,0,0,0,0,0,0,0,0,0,0,0,0,0,0
UP 185,Cities in a Global Perspective,0,1,0,1,0,0,0,0,0,0,0,0,0,0,1,0,1
UP 330,The Modern American City,0,1,1,0,0,0,0,0,0,0,0,0,0,0,0,0,0
YDSH 320,Responses to the Holocaust,0,1,0,0,1,1,1,0,0,0,0,0,0,0,0,0,0
ADV 212,Advertising History,0,0,0,0,0,1,0,1,0,0,0,0,0,0,0,0,0
AFAS 120,Intro to US Armed Forces,0,0,0,0,0,1,0,1,0,0,0,0,0,0,0,0,0
ANSC 120,The Art and Ethics of Animal Documentaries,0,0,0,0,0,1,1,0,0,0,0,0,0,0,0,0,0
ANSC 255,Animal Ethics,0,0,0,0,0,1,0,1,0,0,0,0,0,0,0,0,0
ANTH 105,World Archaeology,0,0,0,0,0,1,0,1,0,0,0,0,0,0,0,0,0
ANTH 157,The Archaeology of Illinois,0,0,0,0,0,1,0,1,0,0,0,0,0,0,0,0,0
ANTH 175,Archaeology and Pop Culture,0,0,0,0,0,1,0,1,0,0,0,0,0,0,0,0,0
ART 100,Understanding Visual Culture,0,0,0,0,0,1,1,0,0,0,0,0,0,0,0,0,0
ART 140,Introduction to Art,0,0,0,0,0,1,1,0,0,0,0,0,0,0,0,0,0
ARTH 241,"Modern Art, 1880-1940",0,0,0,0,0,1,1,0,0,0,0,0,0,0,0,0,0
ARTH 242,Art Since 1940,0,0,0,0,0,1,1,0,0,0,0,0,0,0,0,0,0
ARTS 220,Introduction to Fashion,0,0,0,0,0,1,1,0,0,0,0,0,0,0,0,0,0
CLCV 203,Ancient Philosophy,0,0,0,0,0,1,0,1,0,0,0,0,0,0,0,0,0
CW 100,Intro to Creative Writing,0,0,0,0,0,1,1,0,0,0,0,0,0,0,0,0,0
CWL 111,Bible as Literature,0,0,0,0,0,1,1,0,0,0,0,0,0,0,0,0,0
CWL 117,Russ & E Euro Science Fiction,0,0,0,0,0,1,1,0,0,0,0,0,0,0,0,0,0
CWL 119,Literature of Fantasy,0,0,0,0,0,1,1,0,0,0,0,0,0,0,0,0,0
CWL 151,Cross-Cultural Thematics,0,0,0,0,0,1,1,0,0,0,0,0,0,0,0,0,0
CWL 201,Comparative Lit Studies,0,0,0,0,0,1,1,0,0,0,0,0,0,0,0,0,0
CWL 215,"Madness, Myth, and Murder",0,0,0,0,0,1,1,0,0,0,0,0,0,0,0,0,0
CWL 240,Italy Middle Ages & Renaiss,0,0,0,0,0,1,1,0,0,0,0,0,0,0,0,0,0
CWL 249,Soviet and Post-Soviet Lit,0,0,0,0,0,1,1,0,0,0,0,0,0,0,0,0,0
CWL 267,The Short Story,0,0,0,0,0,1,1,0,0,0,0,0,0,0,0,0,0
CWL 272,Sexuality and Literature,0,0,0,0,0,1,1,0,0,0,0,0,0,0,0,0,0
CWL 283,Jewish Sacred Literature,0,0,0,0,0,1,1,0,0,0,0,0,0,0,0,0,0
DANC 200,Explore Music through Dance,0,0,0,0,0,1,1,0,0,0,0,0,0,0,0,0,0
ENGL 101,Intro to Poetry,0,0,0,0,0,1,1,0,0,0,0,0,0,0,0,0,0
ENGL 103,Intro to Fiction,0,0,0,0,0,1,1,0,0,0,0,0,0,0,0,0,0
ENGL 104,Introduction to Film,0,0,0,0,0,1,1,0,0,0,0,0,0,0,0,0,0
ENGL 114,Bible as Literature,0,0,0,0,0,1,1,0,0,0,0,0,0,0,0,0,0
ENGL 117,Shakespeare on Film,0,0,0,0,0,1,1,0,0,0,0,0,0,0,0,0,0
ENGL 119,Literature of Fantasy,0,0,0,0,0,1,1,0,0,0,0,0,0,0,0,0,0
ENGL 120,Science Fiction,0,0,0,0,0,1,1,0,0,0,0,0,0,0,0,0,0
ENGL 122,The Middle Ages in Popular Culture,0,0,0,0,0,1,1,0,0,0,0,0,0,0,0,0,0
ENGL 200,Introduction to the Study of Literature and Culture,0,0,0,0,0,1,1,0,0,0,0,0,0,0,0,0,0
ENGL 218,Introduction to Shakespeare,0,0,0,0,0,1,1,0,0,0,0,0,0,0,0,0,0
ENGL 219,Literature and Medicine,0,0,0,0,0,1,1,0,0,0,0,0,0,0,0,0,0
ENGL 220,Literature and Science,0,0,0,0,0,1,1,0,0,0,0,0,0,0,0,0,0
ENGL 245,The Short Story,0,0,0,0,0,1,1,0,0,0,0,0,0,0,0,0,0
ENGL 253,Topics in Literature and New Media,0,0,0,0,0,1,1,0,0,0,0,0,0,0,0,0,0
ENGL 270,American Film Genres,0,0,0,0,0,1,1,0,0,0,0,0,0,0,0,0,0
FAA 102,Design Beyond Boundaries,0,0,0,0,0,1,1,0,0,0,0,0,0,0,0,0,0
FAA 110,Exploring Arts and Creativity,0,0,0,0,0,1,1,0,0,0,0,0,0,0,0,0,0
GER 270,Sexuality and Literature,0,0,0,0,0,1,1,0,0,0,0,0,0,0,0,0,0
GWS 270,Sexuality and Literature,0,0,0,0,0,1,1,0,0,0,0,0,0,0,0,0,0
HIST 203,Reacting to the Past,0,0,0,0,0,1,0,1,0,0,0,0,0,0,0,0,0
HIST 207,Digital Documentary Publishing,0,0,0,0,0,1,0,1,0,0,0,0,0,0,0,0,0
HIST 289,History of Religion in America,0,0,0,0,0,1,0,1,0,0,0,0,0,0,0,0,0
HK 208,Introduction to Medical Ethics,0,0,0,0,0,1,0,1,0,0,0,0,0,0,0,0,0
ITAL 240,Italy Middle Ages & Renaiss,0,0,0,0,0,1,1,0,0,0,0,0,0,0,0,0,0
ITAL 270,Introduction to Italian Cinema,0,0,0,0,0,1,1,0,0,0,0,0,0,0,0,0,0
JOUR 205,History of American Journalism,0,0,0,0,0,1,0,1,0,0,0,0,0,0,0,0,0
LAW 301,Introduction to Law,0,0,0,0,0,1,0,1,0,0,0,0,0,0,0,0,0
LAW 303,Living the Law,0,0,0,0,0,1,0,1,0,0,0,0,0,0,0,0,0
MACS 104,Introduction to Film,0,0,0,0,0,1,1,0,0,0,0,0,0,0,0,0,0
MACS 117,Shakespeare on Film,0,0,0,0,0,1,1,0,0,0,0,0,0,0,0,0,0
MACS 203,Contemporary Movies,0,0,0,0,0,1,1,0,0,0,0,0,0,0,0,0,0
MDVL 122,The Middle Ages in Popular Culture,0,0,0,0,0,1,1,0,0,0,0,0,0,0,0,0,0
MDVL 240,Italy Middle Ages & Renaiss,0,0,0,0,0,1,1,0,0,0,0,0,0,0,0,0,0
MILS 120,Intro to US Armed Forces,0,0,0,0,0,1,0,1,0,0,0,0,0,0,0,0,0
MUS 313,The History of Music I,0,0,0,0,0,1,1,0,0,0,0,0,0,0,0,0,0
MUS 314,The History of Music II,0,0,0,0,0,1,1,0,0,0,0,0,0,0,0,0,0
NS 120,Intro to US Armed Forces,0,0,0,0,0,1,0,1,0,0,0,0,0,0,0,0,0
PHIL 101,Introduction to Philosophy,0,0,0,0,0,1,0,1,0,0,0,0,0,0,0,0,0
PHIL 102,Logic and Reasoning,0,0,0,0,0,1,0,1,0,0,0,0,0,0,0,0,0
PHIL 103,Logic and Reasoning QR II,0,0,0,0,0,1,0,1,0,0,0,1,0,1,0,0,0
PHIL 105,Introduction to Ethics,0,0,0,0,0,1,0,1,0,0,0,0,0,0,0,0,0
PHIL 203,Ancient Philosophy,0,0,0,0,0,1,0,1,0,0,0,0,0,0,0,0,0
PHIL 206,Early Modern Philosophy,0,0,0,0,0,1,0,1,0,0,0,0,0,0,0,0,0
PHIL 210,Ethics,0,0,0,0,0,1,0,1,0,0,0,0,0,0,0,0,0
PHIL 214,Biomedical Ethics,0,0,0,0,0,1,0,1,0,0,0,0,0,0,0,0,0
PHIL 222,Philosophical Foundations of Computer Science,0,0,0,0,0,1,0,1,0,0,0,0,0,0,0,0,0
PHIL 223,Minds & Machines,0,0,0,0,0,1,0,1,0,0,0,0,0,0,0,0,0
PHIL 230,Philosophy of Religion Intro,0,0,0,0,0,1,0,1,0,0,0,0,0,0,0,0,0
PHIL 231,Religion and Philosophy,0,0,0,0,0,1,0,1,0,0,0,0,0,0,0,0,0
PHIL 250,Conceptions of Human Nature,0,0,0,0,0,1,0,1,0,0,0,0,0,0,0,0,0
PHIL 270,Philosophy of Science,0,0,0,0,0,1,0,1,0,0,0,0,0,0,0,0,0
PS 170,"Power, Politics, and Protest",0,0,0,0,0,1,0,1,0,0,0,0,0,0,0,0,0
PS 270,Intro to Political Theory,0,0,0,0,0,1,0,1,0,0,0,0,0,0,0,0,0
REL 101,Bible as Literature,0,0,0,0,0,1,1,0,0,0,0,0,0,0,0,0,0
REL 201,Hebrew Bible in English,0,0,0,0,0,1,0,1,0,0,0,0,0,0,0,0,0
REL 230,Philosophy of Religion Intro,0,0,0,0,0,1,0,1,0,0,0,0,0,0,0,0,0
REL 231,Religion and Philosophy,0,0,0,0,0,1,0,1,0,0,0,0,0,0,0,0,0
REL 235,History of Religion in America,0,0,0,0,0,1,0,1,0,0,0,0,0,0,0,0,0
REL 283,Jewish Sacred Literature,0,0,0,0,0,1,1,0,0,0,0,0,0,0,0,0,0
RUSS 225,Soviet and Post-Soviet Lit,0,0,0,0,0,1,1,0,0,0,0,0,0,0,0,0,0
RUSS 260,Medicine & Literature,0,0,0,0,0,1,1,0,0,0,0,0,0,0,0,0,0
SCAN 215,"Madness, Myth, and Murder",0,0,0,0,0,1,1,0,0,0,0,0,0,0,0,0,0
SLAV 117,Russ & E Euro Science Fiction,0,0,0,0,0,1,1,0,0,0,0,0,0,0,0,0,0
SPED 117,The Culture of Disability,0,0,0,0,0,1,0,1,0,0,0,0,0,0,0,0,0
THEA 101,Introduction to Theatre Arts,0,0,0,0,0,1,1,0,0,0,0,0,0,0,0,0,0
THEA 122,Theatre Foundations: Theory and Practice,0,0,0,0,0,1,1,0,0,0,0,0,0,0,0,0,0
THEA 208,21st Century Dramaturgy,0,0,0,0,0,1,1,0,0,0,0,0,0,0,0,0,0
TRST 201,Intro to Translation Studies,0,0,0,0,0,1,1,0,0,0,0,0,0,0,0,0,0
ACES 102,Intro Sustainable Food Systems,0,0,0,0,0,0,0,0,1,1,0,0,0,0,0,0,0
ANSC 110,Animal Exploration: A Global Perspective,0,0,0,0,0,0,0,0,1,1,0,0,0,0,0,0,0
ANSC 207,The Science of Pets and How to Care for Them,0,0,0,0,0,0,0,0,1,1,0,0,0,0,0,0,0
ANTH 143,Biology of Human Behavior,0,0,0,0,0,0,0,0,1,1,0,0,0,0,0,0,0
ANTH 241,Human Biological Variation,0,0,0,0,0,0,0,0,1,1,0,0,0,0,0,0,0
ANTH 246,Forensic Science,0,0,0,0,0,0,0,0,1,1,0,0,0,0,0,0,0
ANTH 249,Evolution and Human Disease,0,0,0,0,0,0,0,0,1,1,0,0,0,0,0,0,0
ASTR 100,Introduction to Astronomy,0,0,0,0,0,0,0,0,1,0,1,0,0,0,0,0,0
ASTR 121,Solar System and Worlds Beyond,0,0,0,0,0,0,0,0,1,0,1,1,0,1,0,0,0
ASTR 122,Stars and Galaxies,0,0,0,0,0,0,0,0,1,0,1,1,0,1,0,0,0
ASTR 150,Killer Skies: Astro-Disasters,0,0,0,0,0,0,0,0,1,0,1,0,0,0,0,0,0
ATMS 100,Introduction to Meteorology,0,0,0,0,0,0,0,0,1,0,1,0,0,0,0,0,0
ATMS 120,Severe and Hazardous Weather,0,0,0,0,0,0,0,0,1,0,1,1,0,1,0,0,0
ATMS 140,Climate and Global Change,0,0,0,0,0,0,0,0,1,0,1,0,0,0,0,0,0
CHBE 101,Hidden World of Engineering,0,0,0,0,0,0,0,0,1,0,1,0,0,0,0,0,0
CHEM 101,Introductory Chemistry,0,0,0,0,0,0,0,0,1,0,1,0,0,0,0,0,0
CHEM 102,General Chemistry I,0,0,0,0,0,0,0,0,1,0,1,0,0,0,0,0,0
CHEM 104,General Chemistry II,0,0,0,0,0,0,0,0,1,0,1,0,0,0,0,0,0
CHEM 108,"Chemistry, Everyday Phenomena",0,0,0,0,0,0,0,0,1,0,1,0,0,0,0,0,0
CHEM 202,Accelerated Chemistry I,0,0,0,0,0,0,0,0,1,0,1,0,0,0,0,0,0
CHEM 204,Accelerated Chemistry II,0,0,0,0,0,0,0,0,1,0,1,0,0,0,0,0,0
CPSC 112,Introduction to Crop Sciences,0,0,0,0,0,0,0,0,1,1,0,0,0,0,0,0,0
CPSC 261,Biotechnology in Agriculture,0,0,0,0,0,0,0,0,1,1,0,0,0,0,0,0,0
DANC 345,Dance Anatomy and Kinesiology,0,0,0,0,0,0,0,0,1,1,0,0,0,0,0,0,0
ECE 101,Exploring Digital Information Technologies for Non-Engineers,0,0,0,0,0,0,0,0,1,0,1,1,0,1,0,0,0
ENVS 101,Introduction to Energy Sources,0,0,0,0,0,0,0,0,1,0,1,1,0,1,0,0,0
ESE 100,Sustainable Earth,0,0,0,0,0,0,0,0,1,0,1,0,0,0,0,0,0
ESE 103,Earth's Physical Systems,0,0,0,0,0,0,0,0,1,0,1,0,0,0,0,0,0
ESE 104,Geology of the National Parks,0,0,0,0,0,0,0,0,1,0,1,0,0,0,0,0,0
ESE 111,Emergence of Life,0,0,0,0,0,0,0,0,1,1,0,0,0,0,0,0,0
ESE 117,The Oceans,0,0,0,0,0,0,0,0,1,0,1,0,0,0,0,0,0
ESE 118,Natural Disasters,0,0,0,0,0,0,0,0,1,0,1,0,0,0,0,0,0
ESE 120,Severe and Hazardous Weather,0,0,0,0,0,0,0,0,1,0,1,1,0,1,0,0,0
ESE 140,Climate and Global Change,0,0,0,0,0,0,0,0,1,0,1,0,0,0,0,0,0
ESE 143,History of Life,0,0,0,0,0,0,0,0,1,1,0,0,0,0,0,0,0
ESE 208,History of the Earth System,0,0,0,0,0,0,0,0,1,0,1,0,0,0,0,0,0
FSHN 101,The Science of Food and How it Relates to You,0,0,0,0,0,0,0,0,1,0,1,0,0,0,0,0,0
FSHN 120,Contemporary Nutrition,0,0,0,0,0,0,0,0,1,1,0,0,0,0,0,0,0
GEOL 100,Planet Earth,0,0,0,0,0,0,0,0,1,0,1,0,0,0,0,0,0
GEOL 104,Geology of the National Parks,0,0,0,0,0,0,0,0,1,0,1,0,0,0,0,0,0
GEOL 107,Physical Geology,0,0,0,0,0,0,0,0,1,0,1,0,0,0,0,0,0
GEOL 111,Emergence of Life,0,0,0,0,0,0,0,0,1,1,0,0,0,0,0,0,0
GEOL 115,Hollywood Rocks: Earth Science in the Movies,0,0,0,0,0,0,0,0,1,0,1,0,0,0,0,0,0
GEOL 117,The Oceans,0,0,0,0,0,0,0,0,1,0,1,0,0,0,0,0,0
GEOL 118,Natural Disasters,0,0,0,0,0,0,0,0,1,0,1,0,0,0,0,0,0
GEOL 143,History of Life,0,0,0,0,0,0,0,0,1,1,0,0,0,0,0,0,0
GEOL 208,History of the Earth System,0,0,0,0,0,0,0,0,1,0,1,0,0,0,0,0,0
GGIS 100,Introduction to Meteorology,0,0,0,0,0,0,0,0,1,0,1,0,0,0,0,0,0
GGIS 103,Earth's Physical Systems,0,0,0,0,0,0,0,0,1,0,1,0,0,0,0,0,0
GGIS 220,"Landscapes, Ecosystems and Environmental Change",0,0,0,0,0,0,0,0,1,0,1,0,0,0,0,0,0
GLBL 118,Natural Disasters,0,0,0,0,0,0,0,0,1,0,1,0,0,0,0,0,0
HDFS 143,Biology of Human Behavior,0,0,0,0,0,0,0,0,1,1,0,0,0,0,0,0,0
HK 150,Bioscience of Human Movement,0,0,0,0,0,0,0,0,1,1,0,0,0,0,0,0,0
IB 100,Biology in Today's World,0,0,0,0,0,0,0,0,1,1,0,0,0,0,0,0,0
IB 103,Introduction to Plant Biology,0,0,0,0,0,0,0,0,1,1,0,0,0,0,0,0,0
IB 104,Animal Biology,0,0,0,0,0,0,0,0,1,1,0,0,0,0,0,0,0
IB 105,Environmental Biology,0,0,0,0,0,0,0,0,1,1,0,0,0,0,0,0,0
IB 108,The Biology of Dinosaurs,0,0,0,0,0,0,0,0,1,1,0,0,0,0,0,0,0
IB 150,Organismal & Evolutionary Biol,0,0,0,0,0,0,0,0,1,1,0,0,0,0,0,0,0
LA 250,Environmental Site Analysis,0,0,0,0,0,0,0,0,1,0,1,0,0,0,0,0,0
MCB 100,Introductory Microbiology,0,0,0,0,0,0,0,0,1,1,0,0,0,0,0,0,0
MCB 150,Molecular & Cellular Basis of Life,0,0,0,0,0,0,0,0,1,1,0,0,0,0,0,0,0
MSE 101,Materials in Today's World,0,0,0,0,0,0,0,0,1,0,1,0,0,0,0,0,0
MUS 209,Musical Acoustics,0,0,0,0,0,0,0,0,1,0,1,0,0,0,0,0,0
NPRE 101,Introduction to Energy Sources,0,0,0,0,0,0,0,0,1,0,1,1,0,1,0,0,0
NRES 100,Fundamentals of Env Sci,0,0,0,0,0,0,0,0,1,0,1,0,0,0,0,0,0
NRES 101,Wildlife Conservation in the 21st Century,0,0,0,0,0,0,0,0,1,1,0,0,0,0,0,0,0
NRES 103,The Great Lakes - Freshwater Wonder at Risk,0,0,0,0,0,0,0,0,1,1,0,0,0,0,0,0,0
NRES 105,Climate Change Impacts on Ecological Systems,0,0,0,0,0,0,0,0,1,1,0,1,0,1,0,0,0
PHYS 101,College Physics: Mech & Heat,0,0,0,0,0,0,0,0,1,0,1,1,0,1,0,0,0
PHYS 102,College Physics: E&M & Modern,0,0,0,0,0,0,0,0,1,0,1,1,0,1,0,0,0
PHYS 211,University Physics: Mechanics,0,0,0,0,0,0,0,0,1,0,1,1,0,1,0,0,0
PHYS 212,University Physics: Elec & Mag,0,0,0,0,0,0,0,0,1,0,1,1,0,1,0,0,0
SHS 280,Communication Neuroscience,0,0,0,0,0,0,0,0,1,1,0,0,0,0,0,0,0
UP 205,Ecology & Environmental Sustainability,0,0,0,0,0,0,0,0,1,1,0,0,0,0,0,0,0
ACE 262,Applied Statistical Methods and Data Analytics I,0,0,0,0,0,0,0,0,0,0,0,1,1,0,0,0,0
ADV 200,Data Literacy,0,0,0,0,0,0,0,0,0,0,0,1,1,0,0,0,0
ATMS 202,General Physical Climate,0,0,0,0,0,0,0,0,0,0,0,1,0,1,0,0,0
CMN 315,"Crowds, Clouds, and Community",0,0,0,0,0,0,0,0,0,0,0,1,0,1,0,0,0
CPSC 241,Intro to Applied Statistics,0,0,0,0,0,0,0,0,0,0,0,1,1,0,0,0,0
CS 101,Intro Computing: Engrg & Sci,0,0,0,0,0,0,0,0,0,0,0,1,0,1,0,0,0
CS 105,Intro Computing: Non-Tech,0,0,0,0,0,0,0,0,0,0,0,1,1,0,0,0,0
CS 107,Data Science Discovery,0,0,0,0,0,0,0,0,0,0,0,1,1,0,0,0,0
CS 124,Introduction to Computer Science I,0,0,0,0,0,0,0,0,0,0,0,1,1,0,0,0,0
CS 125,Introduction to Computer Science,0,0,0,0,0,0,0,0,0,0,0,1,1,0,0,0,0
CS 128,Introduction to Computer Science II,0,0,0,0,0,0,0,0,0,0,0,1,0,1,0,0,0
CS 225,Data Structures,0,0,0,0,0,0,0,0,0,0,0,1,0,1,0,0,0
ECON 202,Economic Statistics I,0,0,0,0,0,0,0,0,0,0,0,1,1,0,0,0,0
ESE 380,Geographic Information Systems II,0,0,0,0,0,0,0,0,0,0,0,1,0,1,0,0,0
GEOL 350,Volcanoes,0,0,0,0,0,0,0,0,0,0,0,1,0,1,0,0,0
GGIS 280,Intro to Social Statistics,0,0,0,0,0,0,0,0,0,0,0,1,1,0,0,0,0
GGIS 371,Spatial Analysis,0,0,0,0,0,0,0,0,0,0,0,1,0,1,0,0,0
GGIS 380,Geographic Information Systems II,0,0,0,0,0,0,0,0,0,0,0,1,0,1,0,0,0
GLBL 200,Foundations of Research,0,0,0,0,0,0,0,0,0,0,0,1,0,1,1,0,1
HDFS 330,Statistical Reasoning for Everyday Life,0,0,0,0,0,0,0,0,0,0,0,1,0,1,0,0,0
HK 201,Health Sciences Research Methods,0,0,0,0,0,0,0,0,0,0,0,1,0,1,0,0,0
HK 207,Introduction to Epidemiology,0,0,0,0,0,0,0,0,0,0,0,1,1,0,0,0,0
HK 209,Introduction to Biostatistics and Health Data Analysis,0,0,0,0,0,0,0,0,0,0,0,1,1,0,0,0,0
HK 416,Applied Health Data Analysis,0,0,0,0,0,0,0,0,0,0,0,1,0,1,0,0,0
HK 466,Measure & Eval in Kinesiology,0,0,0,0,0,0,0,0,0,0,0,1,0,1,0,0,0
IS 107,Data Science Discovery,0,0,0,0,0,0,0,0,0,0,0,1,1,0,0,0,0
IS 203,Analytical Foundations for Information Problems,0,0,0,0,0,0,0,0,0,0,0,1,0,1,0,0,0
IS 229,Web Design Fundamentals,0,0,0,0,0,0,0,0,0,0,0,1,1,0,0,0,0
IS 305,Programming for Information Problems II,0,0,0,0,0,0,0,0,0,0,0,1,1,0,0,0,0
JOUR 451,Research Methods in Journalism,0,0,0,0,0,0,0,0,0,0,0,1,0,1,0,0,0
MATH 103,Theory of Arithmetic,0,0,0,0,0,0,0,0,0,0,0,1,1,0,0,0,0
MATH 115,Preparation for Calculus,0,0,0,0,0,0,0,0,0,0,0,1,1,0,0,0,0
MATH 117,Elementary Mathematics,0,0,0,0,0,0,0,0,0,0,0,1,1,0,0,0,0
MATH 119,Ideas in Geometry,0,0,0,0,0,0,0,0,0,0,0,1,1,0,0,0,0
MATH 124,Finite Mathematics,0,0,0,0,0,0,0,0,0,0,0,1,1,0,0,0,0
MATH 181,A Mathematical World,0,0,0,0,0,0,0,0,0,0,0,1,1,0,0,0,0
MATH 213,Basic Discrete Mathematics,0,0,0,0,0,0,0,0,0,0,0,1,0,1,0,0,0
MATH 220,Calculus,0,0,0,0,0,0,0,0,0,0,0,1,1,0,0,0,0
MATH 221,Calculus I,0,0,0,0,0,0,0,0,0,0,0,1,1,0,0,0,0
MATH 231,Calculus II,0,0,0,0,0,0,0,0,0,0,0,1,1,0,0,0,0
MATH 234,Calculus for Business I,0,0,0,0,0,0,0,0,0,0,0,1,1,0,0,0,0
MATH 241,Calculus III,0,0,0,0,0,0,0,0,0,0,0,1,0,1,0,0,0
MATH 285,Intro Differential Equations,0,0,0,0,0,0,0,0,0,0,0,1,0,1,0,0,0
PHIL 202,Symbolic Logic,0,0,0,0,0,0,0,0,0,0,0,1,1,0,0,0,0
PHIL 454,Advanced Symbolic Logic,0,0,0,0,0,0,0,0,0,0,0,1,0,1,0,0,0
PS 229,Doing Politics Research,0,0,0,0,0,0,0,0,0,0,0,1,0,1,1,0,1
PSYC 235,Intro to Statistics,0,0,0,0,0,0,0,0,0,0,0,1,1,0,0,0,0
PSYC 301,Psychological Statistics,0,0,0,0,0,0,0,0,0,0,0,1,1,0,0,0,0
RST 370,Research Methods & Analysis,0,0,0,0,0,0,0,0,0,0,0,1,0,1,0,0,0
SOC 280,Intro to Social Statistics,0,0,0,0,0,0,0,0,0,0,0,1,1,0,0,0,0
SOC 380,Social Research Methods,0,0,0,0,0,0,0,0,0,0,0,1,0,1,0,0,0
SOCW 225,Social Work Statistics,0,0,0,0,0,0,0,0,0,0,0,1,1,0,0,0,0
SOCW 235,The Science of Youth Violence Prevention,0,0,0,0,0,0,0,0,0,0,0,1,0,1,0,0,0
STAT 100,Statistics,0,0,0,0,0,0,0,0,0,0,0,1,1,0,0,0,0
STAT 107,Data Science Discovery,0,0,0,0,0,0,0,0,0,0,0,1,1,0,0,0,0
STAT 200,Statistical Analysis,0,0,0,0,0,0,0,0,0,0,0,1,1,0,0,0,0
STAT 207,Data Science Exploration,0,0,0,0,0,0,0,0,0,0,0,1,0,1,0,0,0
STAT 212,Biostatistics,0,0,0,0,0,0,0,0,0,0,0,1,1,0,0,0,0
UP 116,Urban Informatics I,0,0,0,0,0,0,0,0,0,0,0,1,1,0,0,0,0
UP 316,Urban Informatics II,0,0,0,0,0,0,0,0,0,0,0,1,0,1,0,0,0
ACE 100,Introduction to Applied Microeconomics,0,0,0,0,0,0,0,0,0,0,0,0,0,0,1,0,1
ACE 210,Environmental Economics & Policy,0,0,0,0,0,0,0,0,0,0,0,0,0,0,1,0,1
ADV 150,Introduction to Advertising,0,0,0,0,0,0,0,0,0,0,0,0,0,0,1,0,1
ADV 305,Advertising Technology and the Digital World,0,0,0,0,0,0,0,0,0,0,0,0,0,0,1,0,1
ADV 378,Psychology of Advertising,0,0,0,0,0,0,0,0,0,0,0,0,0,0,1,0,1
ADV 393,Advertising and Society,0,0,0,0,0,0,0,0,0,0,0,0,0,0,1,0,1
ANSC 305,Human Animal Interactions,0,0,0,0,0,0,0,0,0,0,0,0,0,0,1,0,1
ANTH 102,Human Origins and Culture,0,0,0,0,0,0,0,0,0,0,0,0,0,0,1,0,1
ANTH 104,Talking Culture,0,0,0,0,0,0,0,0,0,0,0,0,0,0,1,0,1
ANTH 110,Humanizing Science,0,0,0,0,0,0,0,0,0,0,0,0,0,0,1,0,1
ANTH 126,Humans and Animals - Food or Friend?,0,0,0,0,0,0,0,0,0,0,0,0,0,0,1,0,1
ANTH 339,Industrial Heritage and Communities,0,0,0,0,0,0,0,0,0,0,0,0,0,0,1,0,1
ARCH 237,Urban Scale Sustainability,0,0,0,0,0,0,0,0,0,0,0,0,0,0,1,0,1
CI 210,Introduction to Digital Learning Environments,0,0,0,0,0,0,0,0,0,0,0,0,0,0,1,1,0
CMN 102,Introduction to Communication,0,0,0,0,0,0,0,0,0,0,0,0,0,0,1,1,0
CMN 230,Introduction to Interpersonal Communication,0,0,0,0,0,0,0,0,0,0,0,0,0,0,1,0,1
CMN 280,Comm Technology & Society,0,0,0,0,0,0,0,0,0,0,0,0,0,0,1,0,1
DTX 180,Exercising Empathy,0,0,0,0,0,0,0,0,0,0,0,0,0,0,1,1,0
ECON 102,Microeconomic Principles,0,0,0,0,0,0,0,0,0,0,0,0,0,0,1,0,1
ECON 103,Macroeconomic Principles,0,0,0,0,0,0,0,0,0,0,0,0,0,0,1,0,1
ECON 210,Environmental Economics & Policy,0,0,0,0,0,0,0,0,0,0,0,0,0,0,1,0,1
ENVS 210,Environmental Economics & Policy,0,0,0,0,0,0,0,0,0,0,0,0,0,0,1,0,1
EPSY 201,Educational Psychology,0,0,0,0,0,0,0,0,0,0,0,0,0,0,1,1,0
EPSY 220,"Career Development: Exploration, Choice, and Skills",0,0,0,0,0,0,0,0,0,0,0,0,0,0,1,1,0
ESE 210,Social & Environmental Issues,0,0,0,0,0,0,0,0,0,0,0,0,0,0,1,0,1
GGIS 104,Social and Cultural Geography,0,0,0,0,0,0,0,0,0,0,0,0,0,0,1,0,1
GGIS 210,Social & Environmental Issues,0,0,0,0,0,0,0,0,0,0,0,0,0,0,1,0,1
GGIS 221,Geographies of Global Conflict,0,0,0,0,0,0,0,0,0,0,0,0,0,0,1,0,1
GGIS 224,Environmental Data Science,0,0,0,0,0,0,0,0,0,0,0,0,0,0,1,0,1
GLBL 221,Geographies of Global Conflict,0,0,0,0,0,0,0,0,0,0,0,0,0,0,1,0,1
GSD 202,Letâ€™s Play: Understanding the Role of Play in Life and Art,0,0,0,0,0,0,0,0,0,0,0,0,0,0,1,0,1
GWS 100,Intro Gender & Women's Studies,0,0,0,0,0,0,0,0,0,0,0,0,0,0,1,0,1
GWS 250,Gender and Representation,0,0,0,0,0,0,0,0,0,0,0,0,0,0,1,0,1
HDFS 105,Intro to Human Development,0,0,0,0,0,0,0,0,0,0,0,0,0,0,1,1,0
HDFS 225,Close Relationships,0,0,0,0,0,0,0,0,0,0,0,0,0,0,1,0,1
HK 110,Contemporary Health,0,0,0,0,0,0,0,0,0,0,0,0,0,0,1,0,1
HK 111,Introduction to Public Health,0,0,0,0,0,0,0,0,0,0,0,0,0,0,1,0,1
HK 140,Social Sci of Human Movement,0,0,0,0,0,0,0,0,0,0,0,0,0,0,1,0,1
HK 203,Introduction to Health Technology,0,0,0,0,0,0,0,0,0,0,0,0,0,0,1,0,1
HK 243,Sport & Modern Society,0,0,0,0,0,0,0,0,0,0,0,0,0,0,1,0,1
HK 250,Motor Development and Control,0,0,0,0,0,0,0,0,0,0,0,0,0,0,1,1,0
HK 262,"Motor Develop, Growth & Form",0,0,0,0,0,0,0,0,0,0,0,0,0,0,1,1,0
HK 270,Leadership in Health,0,0,0,0,0,0,0,0,0,0,0,0,0,0,1,0,1
HK 272,Aging and Health Policy,0,0,0,0,0,0,0,0,0,0,0,0,0,0,1,1,0
HK 302,Disability in American Society,0,0,0,0,0,0,0,0,0,0,0,0,0,0,1,0,1
INFO 202,Social Aspects Info Tech,0,0,0,0,0,0,0,0,0,0,0,0,0,0,1,0,1
IS 101,Introduction to Information Sciences,0,0,0,0,0,0,0,0,0,0,0,0,0,0,1,0,1
IS 202,Social Aspects Info Tech,0,0,0,0,0,0,0,0,0,0,0,0,0,0,1,0,1
JOUR 101,Interactive Media & You,0,0,0,0,0,0,0,0,0,0,0,0,0,0,1,1,0
LEAD 260,Foundations of Leadership,0,0,0,0,0,0,0,0,0,0,0,0,0,0,1,0,1
LER 100,Introduction to Labor Studies,0,0,0,0,0,0,0,0,0,0,0,0,0,0,1,0,1
LING 100,Intro to Language Science,0,0,0,0,0,0,0,0,0,0,0,0,0,0,1,0,1
LING 104,Talking Culture,0,0,0,0,0,0,0,0,0,0,0,0,0,0,1,0,1
LING 225,"Language, Mind, and Brain",0,0,0,0,0,0,0,0,0,0,0,0,0,0,1,1,0
MACS 202,Social Aspects Info Tech,0,0,0,0,0,0,0,0,0,0,0,0,0,0,1,0,1
MACS 351,Media Analysis,0,0,0,0,0,0,0,0,0,0,0,0,0,0,1,0,1
NRES 210,Environmental Economics & Policy,0,0,0,0,0,0,0,0,0,0,0,0,0,0,1,0,1
PHIL 106,Ethics and Social Policy,0,0,0,0,0,0,0,0,0,0,0,0,0,0,1,0,1
PHIL 107,Intro to Political Philosophy,0,0,0,0,0,0,0,0,0,0,0,0,0,0,1,0,1
PS 100,Intro to Political Science,0,0,0,0,0,0,0,0,0,0,0,0,0,0,1,0,1
PS 101,Intro to US Gov & Pol,0,0,0,0,0,0,0,0,0,0,0,0,0,0,1,0,1
PS 224,Politics of the National Parks,0,0,0,0,0,0,0,0,0,0,0,0,0,0,1,0,1
PS 225,Environmental Politics & Policy,0,0,0,0,0,0,0,0,0,0,0,0,0,0,1,0,1
PS 240,Intro to Comp Politics,0,0,0,0,0,0,0,0,0,0,0,0,0,0,1,0,1
PS 280,Intro to Intl Relations,0,0,0,0,0,0,0,0,0,0,0,0,0,0,1,0,1
PSYC 100,Intro Psych,0,0,0,0,0,0,0,0,0,0,0,0,0,0,1,1,0
PSYC 201,Intro to Social Psych,0,0,0,0,0,0,0,0,0,0,0,0,0,0,1,1,0
PSYC 207,Psychology of Prejudice and Discrimination,0,0,0,0,0,0,0,0,0,0,0,0,0,0,1,1,0
PSYC 225,"Language, Mind, and Brain",0,0,0,0,0,0,0,0,0,0,0,0,0,0,1,1,0
PSYC 230,Perception & Sensory Processes,0,0,0,0,0,0,0,0,0,0,0,0,0,0,1,1,0
PSYC 239,Community Psych,0,0,0,0,0,0,0,0,0,0,0,0,0,0,1,0,1
PSYC 322,Introduction to Intellectual Disability,0,0,0,0,0,0,0,0,0,0,0,0,0,0,1,1,0
REES 200,Intro to Russia and Eurasia,0,0,0,0,0,0,0,0,0,0,0,0,0,0,1,0,1
REES 201,Introduction to Eastern Europe,0,0,0,0,0,0,0,0,0,0,0,0,0,0,1,0,1
RST 100,"Recreation, Sport, and Tourism in Modern Society",0,0,0,0,0,0,0,0,0,0,0,0,0,0,1,0,1
RST 120,"Parks, Recreation, and Environments",0,0,0,0,0,0,0,0,0,0,0,0,0,0,1,1,0
RST 224,Politics of the National Parks,0,0,0,0,0,0,0,0,0,0,0,0,0,0,1,0,1
RST 225,Environmental Politics & Policy,0,0,0,0,0,0,0,0,0,0,0,0,0,0,1,0,1
SHS 120,"Child, Comm, & Lang Ability",0,0,0,0,0,0,0,0,0,0,0,0,0,0,1,1,0
SHS 271,Communication and Aging,0,0,0,0,0,0,0,0,0,0,0,0,0,0,1,0,1
SOC 100,Introduction to Sociology,0,0,0,0,0,0,0,0,0,0,0,0,0,0,1,0,1
SOC 101,Sociology of Gender,0,0,0,0,0,0,0,0,0,0,0,0,0,0,1,0,1
SOC 130,Intro Gender & Women's Studies,0,0,0,0,0,0,0,0,0,0,0,0,0,0,1,0,1
SOC 270,Global Demography,0,0,0,0,0,0,0,0,0,0,0,0,0,0,1,0,1
SOC 350,Technology and Society,0,0,0,0,0,0,0,0,0,0,0,0,0,0,1,0,1
SOC 373,Social Inequality,0,0,0,0,0,0,0,0,0,0,0,0,0,0,1,0,1
SOCW 200,Introduction to Social Work,0,0,0,0,0,0,0,0,0,0,0,0,0,0,1,0,1
SOCW 240,Death & Dying,0,0,0,0,0,0,0,0,0,0,0,0,0,0,1,0,1
SOCW 245,Doing Good through the Nonprofit Sector,0,0,0,0,0,0,0,0,0,0,0,0,0,0,1,0,1
SPED 322,Introduction to Intellectual Disability,0,0,0,0,0,0,0,0,0,0,0,0,0,0,1,1,0
UP 136,Urban Sustainability,0,0,0,0,0,0,0,0,0,0,0,0,0,0,1,0,1
UP 210,Environmental Economics & Policy,0,0,0,0,0,0,0,0,0,0,0,0,0,0,1,0,1
UP 260,Social Inequality and Planning,0,0,0,0,0,0,0,0,0,0,0,0,0,0,1,0,1
